{"time": "Friday 17 Apr - 14:08 ", "INK_SACK:3": 5.7, "BROWN_MUSHROOM": 10.97821931808298, "INK_SACK:4": 4.3, "TARANTULA_WEB": 49.39405141895421, "CARROT_ITEM": 2.5, "ENCHANTED_POTATO": 844.7106980476062, "ENCHANTED_SLIME_BALL": 1384.8097208854665, "ENCHANTED_RED_MUSHROOM": 1460.1451933701658, "ENCHANTED_GOLDEN_CARROT": 105219.89230769231, "ENCHANTED_RABBIT_HIDE": 8647.9, "ENCHANTED_BIRCH_LOG": 1177.7839064185544, "ENCHANTED_GUNPOWDER": 3105.251812958193, "ENCHANTED_MELON": 200.6, "ENCHANTED_SUGAR": 414.4782806966478, "CACTUS": 5.0, "ENCHANTED_BLAZE_ROD": 47788.24492979719, "ENCHANTED_CAKE": 3515.706829589402, "PUMPKIN": 3.3026271520097357, "ENCHANTED_BROWN_MUSHROOM": 1985.6557421697682, "WHEAT": 4.88906997762731, "ENCHANTED_RAW_SALMON": 1566.1977815699659, "ENCHANTED_GLISTERING_MELON": 114.5307127010538, "PRISMARINE_SHARD": 3.9, "PROTECTOR_FRAGMENT": 3767.0869684750733, "ENCHANTED_EMERALD": 963.3929144981412, "ENCHANTED_SPIDER_EYE": 1178.064500107968, "RED_MUSHROOM": 15.913760054984218, "ENCHANTED_MELON_BLOCK": 27338.912162162163, "MUTTON": 19.525390892100106, "DIAMOND": 7.200915509349056, "WISE_FRAGMENT": 5164.248191933241, "COBBLESTONE": 3.3356317428996864, "SPIDER_EYE": 7.1, "RAW_FISH": 28.474190405710484, "ENCHANTED_PUFFERFISH": 2326.58770257388, "POTATO_ITEM": 4.072678382790742, "ENCHANTED_HUGE_MUSHROOM_1": 1605.709174734901, "ENCHANTED_COBBLESTONE": 619.1766501359782, "ENCHANTED_HUGE_MUSHROOM_2": 14500.108928571428, "PORK": 13.3, "PRISMARINE_CRYSTALS": 8.730456447797545, "ICE": 2.815003061478118, "HUGE_MUSHROOM_1": 4.2, "HUGE_MUSHROOM_2": 20.346331652597588, "LOG_2:1": 4.5, "ENCHANTED_SNOW_BLOCK": 592.0115464147991, "GOLDEN_TOOTH": 97326.41230158729, "STRING": 8.198853581595753, "RABBIT_FOOT": 25.717849670670283, "REDSTONE": 3.4077955907078072, "ENCHANTED_CACTUS_GREEN": 161.08794812731463, "ENCHANTED_CARROT_ON_A_STICK": 445.0338491295938, "ENCHANTED_LAPIS_LAZULI_BLOCK": 78502.56682242992, "ENCHANTED_COOKIE": 102804.5, "ENCHANTED_ENDSTONE": 1582.3052720306512, "ENCHANTED_SAND": 2729.5660775650463, "ENCHANTED_STRING": 1231.2355723128867, "STRONG_FRAGMENT": 19600.478994823847, "SLIME_BALL": 5.262576687116565, "ENCHANTED_ACACIA_LOG": 968.0921781640412, "SNOW_BALL": 1.9210330372585231, "ENCHANTED_EGG": 2301.7805173992674, "SAND": 14.299999999999999, "RAW_CHICKEN": 11.869362129583124, "ENCHANTED_LAPIS_LAZULI": 655.2, "ENCHANTED_GHAST_TEAR": 116.66639294031133, "ENCHANTED_COCOA": 980.8736009375916, "SEEDS": 0.4, "ENCHANTED_LEATHER": 9350.7, "ENCHANTED_SPONGE": 10856.2, "HAY_BLOCK": 57.77160644490988, "INK_SACK": 323.1934797473955, "FLINT": 19.0, "ENCHANTED_ROTTEN_FLESH": 2613.0797952617727, "ENCHANTED_SPRUCE_LOG": 1468.3310959541157, "WOLF_TOOTH": 217.0655117131265, "ENCHANTED_GRILLED_PORK": 33233.095015040824, "ENCHANTED_NETHER_STALK": 2129.0, "ENCHANTED_REDSTONE_BLOCK": 113160.0, "ENCHANTED_QUARTZ_BLOCK": 610.2285018454237, "GREEN_CANDY": 710.0380668976948, "ENCHANTED_REDSTONE": 697.293548612242, "ENCHANTED_REDSTONE_LAMP": 126063.48504672897, "GRAVEL": 2.7, "MELON": 2.013635432605998, "ENCHANTED_LAVA_BUCKET": 11566.69620758483, "ENCHANTED_PACKED_ICE": 101303.72741935484, "RAW_FISH:3": 12.60567622754245, "ENCHANTED_PRISMARINE_SHARD": 380.2, "ENCHANTED_IRON_BLOCK": 170348.78421052633, "BONE": 11.438611231101511, "RAW_FISH:2": 18.3, "RAW_FISH:1": 8.342943569148389, "REVENANT_FLESH": 8.04752683431401, "ENCHANTED_PORK": 2092.9532942898977, "ENCHANTED_GLOWSTONE": 168477.82, "FEATHER": 2.5, "NETHERRACK": 0.8, "SPONGE": 259.4218431835894, "BLAZE_ROD": 28.771172190784156, "ENCHANTED_DARK_OAK_LOG": 809.4627324298771, "YOUNG_FRAGMENT": 14488.76504409171, "ENCHANTED_CLOWNFISH": 3118.9, "ENCHANTED_GOLD": 1442.4081339971858, "ENCHANTED_RAW_CHICKEN": 628.5, "ENCHANTED_WATER_LILY": 10046.849205788916, "LOG:1": 8.760091641713057, "CATALYST": 27749.83382624769, "LOG:3": 6.8, "LOG:2": 6.354611288604898, "ENCHANTED_GLOWSTONE_DUST": 855.377147733738, "ENCHANTED_INK_SACK": 25575.76376528117, "ENCHANTED_CACTUS": 248036.62413793107, "ENCHANTED_SUGAR_CANE": 54171.00023359028, "ENCHANTED_COOKED_SALMON": 203625.17777777778, "ENCHANTED_SEEDS": 66.4, "LOG": 7.0, "GHAST_TEAR": 27.200094161958567, "UNSTABLE_FRAGMENT": 8015.864610389611, "ENCHANTED_ENDER_PEARL": 190.90199025864965, "PURPLE_CANDY": 7522.795647987675, "ENCHANTED_FERMENTED_SPIDER_EYE": 89774.62115384615, "ENCHANTED_GOLD_BLOCK": 20631.544591029022, "ENCHANTED_JUNGLE_LOG": 1421.7103372514557, "ENCHANTED_FLINT": 3378.5594738397876, "IRON_INGOT": 5.5032976130785105, "ENCHANTED_EMERALD_BLOCK": 17482.16404494382, "ENCHANTED_CLAY_BALL": 470.026982238089, "GLOWSTONE_DUST": 14.223993166456214, "GOLD_INGOT": 11.2, "REVENANT_VISCERA": 3020.920366972477, "TARANTULA_SILK": 120213.37772020725, "ENCHANTED_MUTTON": 3321.6391918737586, "SUPER_COMPACTOR_3000": 247988.17183316167, "SUPER_EGG": 83059.05366568915, "ENCHANTED_IRON": 1011.1740369576552, "STOCK_OF_STONKS": 4476.699346110485, "ENCHANTED_HAY_BLOCK": 8857.387096774193, "ENCHANTED_PAPER": 350.5119939271255, "ENCHANTED_BONE": 2200.6464949324322, "ENCHANTED_DIAMOND_BLOCK": 116861.76269316506, "SUPERIOR_FRAGMENT": 15277.923187778328, "EMERALD": 5.6, "ENCHANTED_RABBIT_FOOT": 6357.072596153846, "HOT_POTATO_BOOK": 29805.979711055283, "ENCHANTED_ICE": 617.8890251354544, "CLAY_BALL": 4.0, "OLD_FRAGMENT": 3207.9112797374896, "GREEN_GIFT": 4756.461958216401, "PACKED_ICE": 30.311097543793732, "WATER_LILY": 288.1372276483847, "LOG_2": 3.7399312743230935, "HAMSTER_WHEEL": 20374.37116154873, "ENCHANTED_OBSIDIAN": 5236.919630517557, "ENCHANTED_COAL": 1265.1001509054327, "COAL": 9.652530650738761, "ENCHANTED_QUARTZ": 2222.356777493606, "ENDER_PEARL": 8.0, "ENCHANTED_COAL_BLOCK": 201000.48333333334, "ENCHANTED_PRISMARINE_CRYSTALS": 388.49172546504167, "ENCHANTED_WET_SPONGE": 47317.25798180312, "ENCHANTED_RAW_FISH": 5001.107603248661, "ENDER_STONE": 10.7, "FOUL_FLESH": 25000.102842377262, "QUARTZ": 20.006992159527, "RAW_BEEF": 10.4, "ENCHANTED_EYE_OF_ENDER": 4592.915148413511, "SUGAR_CANE": 3.0181170270108404, "MAGMA_CREAM": 6.7, "RED_GIFT": 37660.59181818182, "ENCHANTED_RAW_BEEF": 868.6, "ENCHANTED_SLIME_BLOCK": 89547.23563362611, "ENCHANTED_FEATHER": 463.1058243567617, "ENCHANTED_OAK_LOG": 1264.9659312467934, "RABBIT_HIDE": 11.1, "WHITE_GIFT": 3127.690293174273, "SULPHUR": 17.3, "NETHER_STALK": 10.3, "RABBIT": 11.157613032912305, "ENCHANTED_CARROT": 691.4415988243939, "ENCHANTED_PUMPKIN": 631.3, "ROTTEN_FLESH": 16.454341618827208, "ENCHANTED_COOKED_FISH": 805251.7212121212, "OBSIDIAN": 30.815728216420258, "ENCHANTED_MAGMA_CREAM": 1256.3709019461078, "ENCHANTED_FIREWORK_ROCKET": 206992.86666666664, "LEATHER": 13.603575418994414, "ENCHANTED_COOKED_MUTTON": 410003.3, "ENCHANTED_RABBIT": 605.7007028896576, "ENCHANTED_BREAD": 70.2, "ENCHANTED_CHARCOAL": 2072.126760176018, "ENCHANTED_BLAZE_POWDER": 4225.155320892126, "SUMMONING_EYE": 46122.02578881146, "SNOW_BLOCK": 7.622836547125607, "ENCHANTED_BAKED_POTATO": 54993.23446745562, "COMPACTOR": 4893.008152173913, "ENCHANTED_DIAMOND": 1281.9312885047739}