{"time": "Saturday 18 Apr - 19:21 ", "INK_SACK:3": 3.6, "BROWN_MUSHROOM": 11.060865949876238, "INK_SACK:4": 4.1, "TARANTULA_WEB": 70.05624569819585, "CARROT_ITEM": 3.0, "ENCHANTED_POTATO": 852.8045851168916, "ENCHANTED_SLIME_BALL": 1459.4150442477876, "ENCHANTED_RED_MUSHROOM": 1532.633640128854, "ENCHANTED_GOLDEN_CARROT": 95646.73243243243, "ENCHANTED_RABBIT_HIDE": 8740.058712121212, "ENCHANTED_BIRCH_LOG": 1383.5500000000002, "ENCHANTED_GUNPOWDER": 3166.886669319539, "ENCHANTED_MELON": 188.10939010539104, "ENCHANTED_SUGAR": 371.428450680974, "CACTUS": 5.001918752810673, "ENCHANTED_BLAZE_ROD": 6895.747448027719, "ENCHANTED_CAKE": 3341.7054174067493, "PUMPKIN": 3.4, "ENCHANTED_BROWN_MUSHROOM": 2061.41986599665, "WHEAT": 3.911845808009325, "ENCHANTED_RAW_SALMON": 1568.115556036348, "ENCHANTED_GLISTERING_MELON": 7367.405952380952, "PRISMARINE_SHARD": 3.8, "PROTECTOR_FRAGMENT": 3002.1448694869487, "ENCHANTED_EMERALD": 957.8131530486974, "ENCHANTED_SPIDER_EYE": 1220.5282485875707, "RED_MUSHROOM": 12.570892578662509, "ENCHANTED_MELON_BLOCK": 30350.3, "MUTTON": 22.90527718334881, "DIAMOND": 7.232049365229252, "WISE_FRAGMENT": 5634.094852738784, "COBBLESTONE": 3.4162258128371352, "SPIDER_EYE": 5.821755471612157, "RAW_FISH": 26.97666956478945, "ENCHANTED_PUFFERFISH": 2330.026431852986, "POTATO_ITEM": 4.565772440975308, "ENCHANTED_HUGE_MUSHROOM_1": 1303.0319919517103, "ENCHANTED_COBBLESTONE": 590.6686028874782, "ENCHANTED_HUGE_MUSHROOM_2": 13923.480909090908, "PORK": 18.300928666467538, "PRISMARINE_CRYSTALS": 5.6, "ICE": 2.9551519558427395, "HUGE_MUSHROOM_1": 3.7, "HUGE_MUSHROOM_2": 15.1, "LOG_2:1": 3.6023563998190866, "ENCHANTED_SNOW_BLOCK": 589.6648731978461, "GOLDEN_TOOTH": 94032.33432098766, "STRING": 8.237309834566464, "RABBIT_FOOT": 30.60123835646199, "REDSTONE": 3.3, "ENCHANTED_CACTUS_GREEN": 1384.6968395461913, "ENCHANTED_CARROT_ON_A_STICK": 1927.8379513014274, "ENCHANTED_LAPIS_LAZULI_BLOCK": 65416.23937460115, "ENCHANTED_COOKIE": 101875.1294117647, "ENCHANTED_ENDSTONE": 1638.4916703588838, "ENCHANTED_SAND": 2458.074461482293, "ENCHANTED_STRING": 1807.0207873465988, "STRONG_FRAGMENT": 19334.494610202117, "SLIME_BALL": 6.728405441341925, "ENCHANTED_ACACIA_LOG": 972.759454666371, "SNOW_BALL": 1.6847701538322732, "ENCHANTED_EGG": 2426.6150358547306, "SAND": 15.699999999999998, "RAW_CHICKEN": 18.064573669562282, "ENCHANTED_LAPIS_LAZULI": 680.8673812540666, "ENCHANTED_GHAST_TEAR": 133.6000337566986, "ENCHANTED_COCOA": 770.3673076923077, "SEEDS": 0.4, "ENCHANTED_LEATHER": 9834.445866141732, "ENCHANTED_SPONGE": 10050.8, "HAY_BLOCK": 51.35104318138711, "INK_SACK": 318.3237844741083, "FLINT": 19.72597325781474, "ENCHANTED_ROTTEN_FLESH": 2568.668072981515, "ENCHANTED_SPRUCE_LOG": 1481.0003162625533, "WOLF_TOOTH": 237.19770285447882, "ENCHANTED_GRILLED_PORK": 32144.382655137328, "ENCHANTED_NETHER_STALK": 2129.021275309761, "ENCHANTED_REDSTONE_BLOCK": 104040.62303609341, "ENCHANTED_QUARTZ_BLOCK": 243.9135713402317, "GREEN_CANDY": 719.3694197952219, "ENCHANTED_REDSTONE": 681.4306426084204, "ENCHANTED_REDSTONE_LAMP": 114140.54881889763, "GRAVEL": 2.5, "MELON": 2.789182323619632, "ENCHANTED_LAVA_BUCKET": 14066.819282720075, "ENCHANTED_PACKED_ICE": 113727.67749419955, "RAW_FISH:3": 12.9, "ENCHANTED_PRISMARINE_SHARD": 380.1, "ENCHANTED_IRON_BLOCK": 173575.3821596244, "BONE": 11.624882057850357, "RAW_FISH:2": 17.500389419764552, "RAW_FISH:1": 8.7, "REVENANT_FLESH": 7.2790418641046815, "ENCHANTED_PORK": 2305.4082082082086, "ENCHANTED_GLOWSTONE": 103885.22280701755, "FEATHER": 1.5041145163176979, "NETHERRACK": 0.8, "SPONGE": 258.8, "BLAZE_ROD": 28.176766334440753, "ENCHANTED_DARK_OAK_LOG": 864.1621908127207, "YOUNG_FRAGMENT": 15120.692517401394, "ENCHANTED_CLOWNFISH": 3143.9, "ENCHANTED_GOLD": 1534.56763825008, "ENCHANTED_RAW_CHICKEN": 750.0305188387894, "ENCHANTED_WATER_LILY": 11523.405305084745, "LOG:1": 8.2, "CATALYST": 26727.241439522993, "LOG:3": 7.412953992550969, "LOG:2": 6.413511477301872, "ENCHANTED_GLOWSTONE_DUST": 881.9273309836592, "ENCHANTED_INK_SACK": 26392.03127020785, "ENCHANTED_CACTUS": 35539.59307631786, "ENCHANTED_SUGAR_CANE": 59164.86926773455, "ENCHANTED_COOKED_SALMON": 235119.92, "ENCHANTED_SEEDS": 72.26896896896898, "LOG": 5.725312996434007, "GHAST_TEAR": 25.758670807948075, "UNSTABLE_FRAGMENT": 7804.4416417165685, "ENCHANTED_ENDER_PEARL": 185.82257120729713, "PURPLE_CANDY": 7854.055378266849, "ENCHANTED_FERMENTED_SPIDER_EYE": 85125.21225490194, "ENCHANTED_GOLD_BLOCK": 215798.64550561795, "ENCHANTED_JUNGLE_LOG": 1426.7977572935476, "ENCHANTED_FLINT": 3353.14494243421, "IRON_INGOT": 6.052129183487433, "ENCHANTED_EMERALD_BLOCK": 34818.904776119416, "ENCHANTED_CLAY_BALL": 475.46853563901135, "GLOWSTONE_DUST": 15.164150837360909, "GOLD_INGOT": 10.6, "REVENANT_VISCERA": 30571.883682196712, "TARANTULA_SILK": 47244.25961191336, "ENCHANTED_MUTTON": 3514.2283535957145, "SUPER_COMPACTOR_3000": 149013.71123763858, "SUPER_EGG": 85703.3987616099, "ENCHANTED_IRON": 1200.9591993530125, "STOCK_OF_STONKS": 4206.399397354622, "ENCHANTED_HAY_BLOCK": 8344.12895606991, "ENCHANTED_PAPER": 354.62730870712403, "ENCHANTED_BONE": 2151.400261951539, "ENCHANTED_DIAMOND_BLOCK": 121246.42802030219, "SUPERIOR_FRAGMENT": 18406.701658625803, "EMERALD": 5.622580727309769, "ENCHANTED_RABBIT_FOOT": 6058.992655620241, "HOT_POTATO_BOOK": 24712.445607978516, "ENCHANTED_ICE": 655.5520616271338, "CLAY_BALL": 5.7211441363420965, "OLD_FRAGMENT": 3204.545480010186, "GREEN_GIFT": 5327.467949547219, "PACKED_ICE": 30.597155858930602, "WATER_LILY": 294.1512316575727, "LOG_2": 4.238199797279777, "HAMSTER_WHEEL": 19869.7912, "ENCHANTED_OBSIDIAN": 3830.2798857368007, "ENCHANTED_COAL": 1242.6978834870076, "COAL": 9.91330279314132, "ENCHANTED_QUARTZ": 1136.1196369471465, "ENDER_PEARL": 7.212262819507606, "ENCHANTED_COAL_BLOCK": 75921.2310989011, "ENCHANTED_PRISMARINE_CRYSTALS": 388.60026020816656, "ENCHANTED_WET_SPONGE": 9744.450043516104, "ENCHANTED_RAW_FISH": 5352.388979067057, "ENDER_STONE": 10.822115077950583, "FOUL_FLESH": 24962.67527675277, "QUARTZ": 20.528080903104424, "RAW_BEEF": 9.1, "ENCHANTED_EYE_OF_ENDER": 4616.4, "SUGAR_CANE": 3.0, "MAGMA_CREAM": 6.8304614181439005, "RED_GIFT": 11535.727977580571, "ENCHANTED_RAW_BEEF": 875.5696437659035, "ENCHANTED_SLIME_BLOCK": 22262.221812080537, "ENCHANTED_FEATHER": 469.5025259685027, "ENCHANTED_OAK_LOG": 1175.609589041096, "RABBIT_HIDE": 11.5, "WHITE_GIFT": 3351.2315759529683, "SULPHUR": 15.404009083078853, "NETHER_STALK": 11.9, "RABBIT": 11.05027086310612, "ENCHANTED_CARROT": 749.1081203670105, "ENCHANTED_PUMPKIN": 638.0, "ROTTEN_FLESH": 15.175535170377135, "ENCHANTED_COOKED_FISH": 900472.2617647059, "OBSIDIAN": 27.081774674407658, "ENCHANTED_MAGMA_CREAM": 1249.834696369759, "ENCHANTED_FIREWORK_ROCKET": 196001.47, "LEATHER": 16.346135787920684, "ENCHANTED_COOKED_MUTTON": 402590.9333333334, "ENCHANTED_RABBIT": 610.273592964824, "ENCHANTED_BREAD": 70.33503683179023, "ENCHANTED_CHARCOAL": 1999.0, "ENCHANTED_BLAZE_POWDER": 4012.222473189712, "SUMMONING_EYE": 25839.780264235244, "SNOW_BLOCK": 8.311187382992003, "ENCHANTED_BAKED_POTATO": 48816.189473684215, "COMPACTOR": 4881.332926829269, "ENCHANTED_DIAMOND": 1276.881184330903}