{
   "INK_SACK:3": 4.9,
   "BROWN_MUSHROOM": 14.787347124642206,
   "INK_SACK:4": 4.25,
   "TARANTULA_WEB": 103.89867908588067,
   "CARROT_ITEM": 2.9411101532128843,
   "ENCHANTED_POTATO": 781.7996124031008,
   "ENCHANTED_SLIME_BALL": 1544.8,
   "ENCHANTED_RED_MUSHROOM": 3752,
   "ENCHANTED_GOLDEN_CARROT": 81795.05833333333,
   "ENCHANTED_RABBIT_HIDE": 10461.849999999999,
   "ENCHANTED_BIRCH_LOG": 1388.668613138686,
   "ENCHANTED_GUNPOWDER": 3090.595283018868,
   "ENCHANTED_MELON": 191.64642212868313,
   "ENCHANTED_SUGAR": 453.15,
   "CACTUS": 5.058303540259637,
   "ENCHANTED_BLAZE_ROD": 648126.2083333334,
   "ENCHANTED_CAKE": 6253.6,
   "PUMPKIN": 3.789120631341601,
   "ENCHANTED_BROWN_MUSHROOM": 2915.586111111111,
   "WHEAT": 3.742657569850552,
   "ENCHANTED_RAW_SALMON": 1573.7205882352941,
   "ENCHANTED_GLISTERING_MELON": 7144.25,
   "PRISMARINE_SHARD": 6.55,
   "PROTECTOR_FRAGMENT": 2619.5806451612902,
   "ENCHANTED_EMERALD": 1053.6464516129033,
   "ENCHANTED_SPIDER_EYE": 1250.8,
   "RED_MUSHROOM": 21.34541074385497,
   "ENCHANTED_MELON_BLOCK": 29382.737931034484,
   "MUTTON": 20.974475524475523,
   "DIAMOND": 7.8498284182305635,
   "WISE_FRAGMENT": 4726.074458874459,
   "COBBLESTONE": 3.5,
   "SPIDER_EYE": 8.7,
   "RAW_FISH": 30.99813359528487,
   "ENCHANTED_PUFFERFISH": 2400.285714285714,
   "POTATO_ITEM": 4.55,
   "ENCHANTED_HUGE_MUSHROOM_1": 3957.4576923076925,
   "ENCHANTED_COBBLESTONE": 564.8603512014788,
   "ENCHANTED_HUGE_MUSHROOM_2": 27912.42,
   "PORK": 17.265018283496097,
   "PRISMARINE_CRYSTALS": 4.699999999999999,
   "ICE": 3.6133295125482623,
   "HUGE_MUSHROOM_1": 6.233575317604356,
   "HUGE_MUSHROOM_2": 36.662275985663086,
   "LOG_2:1": 4.590896995708155,
   "ENCHANTED_SNOW_BLOCK": 434,
   "GOLDEN_TOOTH": 96863.1,
   "STRING": 10.399999999999999,
   "RABBIT_FOOT": 33.3,
   "REDSTONE": 3.75,
   "ENCHANTED_CACTUS_GREEN": 1711.552049180328,
   "ENCHANTED_CARROT_ON_A_STICK": 20000,
   "ENCHANTED_LAPIS_LAZULI_BLOCK": 80826.9,
   "ENCHANTED_COOKIE": 109999.17000000001,
   "ENCHANTED_ENDSTONE": 1307.3488095238095,
   "ENCHANTED_SAND": 2598.4,
   "ENCHANTED_STRING": 1816.1958199356914,
   "STRONG_FRAGMENT": 16264.972727272727,
   "SLIME_BALL": 15.8,
   "ENCHANTED_ACACIA_LOG": 984.5,
   "SNOW_BALL": 2.3,
   "ENCHANTED_EGG": 2046.8,
   "SAND": 13.890436341900777,
   "RAW_CHICKEN": 14.008291382884217,
   "ENCHANTED_LAPIS_LAZULI": 670.3659513247812,
   "ENCHANTED_GHAST_TEAR": 111.67372162794037,
   "ENCHANTED_COCOA": 838.9000000000001,
   "SEEDS": 0.35,
   "ENCHANTED_LEATHER": 9418.838235294119,
   "ENCHANTED_SPONGE": 10125.4,
   "HAY_BLOCK": 47.12375053099784,
   "INK_SACK": 357.15,
   "FLINT": 14.857459052678177,
   "ENCHANTED_ROTTEN_FLESH": 2054.397297297297,
   "ENCHANTED_SPRUCE_LOG": 1609.4134664317871,
   "WOLF_TOOTH": 262.1358889934149,
   "ENCHANTED_GRILLED_PORK": 300555.07999999996,
   "ENCHANTED_NETHER_STALK": 1993.419397562119,
   "ENCHANTED_REDSTONE_BLOCK": 106256.25,
   "ENCHANTED_QUARTZ_BLOCK": 321307.98333333334,
   "GREEN_CANDY": 543.9794930875576,
   "ENCHANTED_REDSTONE": 655.0999999999999,
   "ENCHANTED_REDSTONE_LAMP": 118275.6,
   "GRAVEL": 3.75,
   "MELON": 2.5215944721867376,
   "ENCHANTED_LAVA_BUCKET": 420570.55,
   "ENCHANTED_PACKED_ICE": 112961.35,
   "RAW_FISH:3": 14.36358532934132,
   "ENCHANTED_PRISMARINE_SHARD": 499.8555555555555,
   "ENCHANTED_IRON_BLOCK": 170999.95,
   "BONE": 10.7,
   "RAW_FISH:2": 19.257696228338432,
   "RAW_FISH:1": 9.1,
   "REVENANT_FLESH": 8.415565286624204,
   "ENCHANTED_PORK": 2375.8556074766357,
   "ENCHANTED_GLOWSTONE": 144623.1,
   "FEATHER": 4.702553542009885,
   "NETHERRACK": 0.95,
   "SPONGE": 287,
   "BLAZE_ROD": 29.22267710929156,
   "ENCHANTED_DARK_OAK_LOG": 1053.1499999999999,
   "YOUNG_FRAGMENT": 17099.75,
   "ENCHANTED_CLOWNFISH": 2745.5375,
   "ENCHANTED_GOLD": 1825.4,
   "ENCHANTED_RAW_CHICKEN": 785.0018867924529,
   "ENCHANTED_WATER_LILY": 47052.25454545455,
   "LOG:1": 8.320325203252033,
   "CATALYST": 26325.25,
   "LOG:3": 6.668225257587728,
   "LOG:2": 6.843850914962325,
   "ENCHANTED_GLOWSTONE_DUST": 764.1500000000001,
   "ENCHANTED_INK_SACK": 28826.1,
   "ENCHANTED_CACTUS": 323166.25,
   "ENCHANTED_SUGAR_CANE": 65651.5125,
   "ENCHANTED_COOKED_SALMON": 253500.01666666666,
   "ENCHANTED_SEEDS": 79.60645161290323,
   "LOG": 6.670039100684262,
   "GHAST_TEAR": 21.4,
   "UNSTABLE_FRAGMENT": 7339.700000000001,
   "ENCHANTED_ENDER_PEARL": 207.16217837691556,
   "PURPLE_CANDY": 5562.900909090909,
   "ENCHANTED_FERMENTED_SPIDER_EYE": 89259.84,
   "ENCHANTED_GOLD_BLOCK": 207371.95,
   "ENCHANTED_JUNGLE_LOG": 1447.5499999999997,
   "ENCHANTED_FLINT": 2650.616842105263,
   "IRON_INGOT": 7.854713156294343,
   "ENCHANTED_EMERALD_BLOCK": 160626.125,
   "ENCHANTED_CLAY_BALL": 479.4,
   "GLOWSTONE_DUST": 15.325084567253544,
   "GOLD_INGOT": 10.5,
   "REVENANT_VISCERA": 63177.822857142855,
   "TARANTULA_SILK": 100107.15000000001,
   "ENCHANTED_MUTTON": 2749.449593220339,
   "SUPER_COMPACTOR_3000": 359934.39,
   "SUPER_EGG": 317573.86666666664,
   "ENCHANTED_IRON": 1435.059277108434,
   "STOCK_OF_STONKS": 5986.549999999999,
   "ENCHANTED_HAY_BLOCK": 7130.7875,
   "ENCHANTED_PAPER": 367.95,
   "ENCHANTED_BONE": 2054.5,
   "ENCHANTED_DIAMOND_BLOCK": 206713.66036882394,
   "SUPERIOR_FRAGMENT": 217147.36176470586,
   "EMERALD": 6.449999999999999,
   "ENCHANTED_RABBIT_FOOT": 6109.394285714286,
   "HOT_POTATO_BOOK": 127099.8,
   "ENCHANTED_ICE": 633.827639046538,
   "CLAY_BALL": 6.0548569886670265,
   "OLD_FRAGMENT": 2609.271686746988,
   "GREEN_GIFT": 5585.05,
   "PACKED_ICE": 31.753455758077237,
   "WATER_LILY": 301.2874203821656,
   "LOG_2": 5.376834862385321,
   "HAMSTER_WHEEL": 20228.28125,
   "ENCHANTED_OBSIDIAN": 4133.279997812773,
   "ENCHANTED_COAL": 1264.9064500484965,
   "COAL": 11.2905959697013,
   "ENCHANTED_QUARTZ": 1914.495469932298,
   "ENDER_PEARL": 8.449975795297371,
   "ENCHANTED_COAL_BLOCK": 203303,
   "ENCHANTED_PRISMARINE_CRYSTALS": 398.3,
   "ENCHANTED_WET_SPONGE": 347462.05000000005,
   "ENCHANTED_RAW_FISH": 5189.4139838636875,
   "ENDER_STONE": 15.013656462585034,
   "FOUL_FLESH": 26654.85,
   "QUARTZ": 20.119685224336386,
   "RAW_BEEF": 9.8,
   "ENCHANTED_EYE_OF_ENDER": 4906.22,
   "SUGAR_CANE": 3.972644594650166,
   "MAGMA_CREAM": 7.35,
   "RED_GIFT": 36770.25,
   "ENCHANTED_RAW_BEEF": 763.4879746835443,
   "ENCHANTED_SLIME_BLOCK": 257285.45,
   "ENCHANTED_FEATHER": 475.7749402390438,
   "ENCHANTED_OAK_LOG": 1299.3834558823528,
   "RABBIT_HIDE": 14.227777777777778,
   "WHITE_GIFT": 3373.235779816514,
   "SULPHUR": 18.993519958527735,
   "NETHER_STALK": 11,
   "RABBIT": 11.75,
   "ENCHANTED_CARROT": 601.8307692307692,
   "ENCHANTED_PUMPKIN": 478.5571428571428,
   "ROTTEN_FLESH": 10.94031290987446,
   "ENCHANTED_COOKED_FISH": 846839.925,
   "OBSIDIAN": 24.963158678987995,
   "ENCHANTED_MAGMA_CREAM": 1277.8751968503939,
   "ENCHANTED_FIREWORK_ROCKET": 237281.75,
   "LEATHER": 18.974763231197773,
   "ENCHANTED_COOKED_MUTTON": 207779.8,
   "ENCHANTED_RABBIT": 627.4528846153846,
   "ENCHANTED_BREAD": 87.34134615384616,
   "ENCHANTED_CHARCOAL": 2134.7114130434784,
   "ENCHANTED_BLAZE_POWDER": 3945.5999999999995,
   "SUMMONING_EYE": 622051.9464285714,
   "SNOW_BLOCK": 6.9863230921704655,
   "ENCHANTED_BAKED_POTATO": 124437.80666666667,
   "COMPACTOR": 4509.060714285713,
   "ENCHANTED_DIAMOND": 1306.32,
   "time": "Sunday 26 Apr - 14:28"
}