{
   "INK_SACK:3": 4.64795036028823,
   "BROWN_MUSHROOM": 15.948508005822417,
   "INK_SACK:4": 4.35,
   "TARANTULA_WEB": 94.95565200670993,
   "CARROT_ITEM": 2.750626505843955,
   "ENCHANTED_POTATO": 760.0409596429236,
   "ENCHANTED_SLIME_BALL": 2148.5,
   "ENCHANTED_RED_MUSHROOM": 3711.8166666666666,
   "ENCHANTED_GOLDEN_CARROT": 82337.2,
   "ENCHANTED_RABBIT_HIDE": 10611.580232558139,
   "ENCHANTED_BIRCH_LOG": 1533.6676923076923,
   "ENCHANTED_GUNPOWDER": 3242.5525641025642,
   "ENCHANTED_MELON": 193.6604042806183,
   "ENCHANTED_SUGAR": 473.61738663083645,
   "CACTUS": 5.057953637090328,
   "ENCHANTED_BLAZE_ROD": 649168.1000000001,
   "ENCHANTED_CAKE": 5458.495238095238,
   "PUMPKIN": 3.872355289421157,
   "ENCHANTED_BROWN_MUSHROOM": 3054.16568627451,
   "WHEAT": 4.3,
   "ENCHANTED_RAW_SALMON": 1573.0941176470587,
   "ENCHANTED_GLISTERING_MELON": 12149.4,
   "PRISMARINE_SHARD": 6.410057061340941,
   "PROTECTOR_FRAGMENT": 2605.05,
   "ENCHANTED_EMERALD": 1015.3076164874552,
   "ENCHANTED_SPIDER_EYE": 1222.4528404952657,
   "RED_MUSHROOM": 22.347567221510886,
   "ENCHANTED_MELON_BLOCK": 24908.864705882355,
   "MUTTON": 20.898046875,
   "DIAMOND": 7.75,
   "WISE_FRAGMENT": 4628.7465909090915,
   "COBBLESTONE": 3.3995043370508053,
   "SPIDER_EYE": 8.31362386582348,
   "RAW_FISH": 30.950000000000003,
   "ENCHANTED_PUFFERFISH": 2400.8999999999996,
   "POTATO_ITEM": 4.431523823049067,
   "ENCHANTED_HUGE_MUSHROOM_1": 3588.62,
   "ENCHANTED_COBBLESTONE": 552.1163661581138,
   "ENCHANTED_HUGE_MUSHROOM_2": 27213.319444444445,
   "PORK": 13.780366607773852,
   "PRISMARINE_CRYSTALS": 5.1,
   "ICE": 3.499475963286481,
   "HUGE_MUSHROOM_1": 4.489144736842105,
   "HUGE_MUSHROOM_2": 35.6709375,
   "LOG_2:1": 5.15,
   "ENCHANTED_SNOW_BLOCK": 596.6500000000001,
   "GOLDEN_TOOTH": 93007.8,
   "STRING": 9.2,
   "RABBIT_FOOT": 37.05,
   "REDSTONE": 3.5999999999999996,
   "ENCHANTED_CACTUS_GREEN": 1773.05,
   "ENCHANTED_CARROT_ON_A_STICK": 20000,
   "ENCHANTED_LAPIS_LAZULI_BLOCK": 79377.56304347827,
   "ENCHANTED_COOKIE": 122917.225,
   "ENCHANTED_ENDSTONE": 1259.5637024130451,
   "ENCHANTED_SAND": 2656.9823232323233,
   "ENCHANTED_STRING": 1904.3009765625002,
   "STRONG_FRAGMENT": 16839.2765625,
   "SLIME_BALL": 12.900367647058824,
   "ENCHANTED_ACACIA_LOG": 984.7185840707964,
   "SNOW_BALL": 2.4493049924707515,
   "ENCHANTED_EGG": 2061.6,
   "SAND": 13.45,
   "RAW_CHICKEN": 14.632803468208092,
   "ENCHANTED_LAPIS_LAZULI": 707.9699018003273,
   "ENCHANTED_GHAST_TEAR": 109.97670099512445,
   "ENCHANTED_COCOA": 874.2804568527919,
   "SEEDS": 0.39289591992535416,
   "ENCHANTED_LEATHER": 9213.85,
   "ENCHANTED_SPONGE": 10334.983333333334,
   "HAY_BLOCK": 48.154071026418364,
   "INK_SACK": 342.5426356589147,
   "FLINT": 15.102976867652636,
   "ENCHANTED_ROTTEN_FLESH": 2025.978997613365,
   "ENCHANTED_SPRUCE_LOG": 1681,
   "WOLF_TOOTH": 257.54999999999995,
   "ENCHANTED_GRILLED_PORK": 299240.7875,
   "ENCHANTED_NETHER_STALK": 2105.3611801242237,
   "ENCHANTED_REDSTONE_BLOCK": 103194.75208333333,
   "ENCHANTED_QUARTZ_BLOCK": 322229.3,
   "GREEN_CANDY": 538.3372058823529,
   "ENCHANTED_REDSTONE": 605.8155210643016,
   "ENCHANTED_REDSTONE_LAMP": 109460.4,
   "GRAVEL": 3.234867744809155,
   "MELON": 2.628047475998887,
   "ENCHANTED_LAVA_BUCKET": 418300.55000000005,
   "ENCHANTED_PACKED_ICE": 97999.82727272727,
   "RAW_FISH:3": 14.149999999999999,
   "ENCHANTED_PRISMARINE_SHARD": 430.8294117647058,
   "ENCHANTED_IRON_BLOCK": 185747.44999999998,
   "BONE": 10.699437052200613,
   "RAW_FISH:2": 19.226659528907923,
   "RAW_FISH:1": 9.152417684243634,
   "REVENANT_FLESH": 10.517780739045332,
   "ENCHANTED_PORK": 2338.829032258064,
   "ENCHANTED_GLOWSTONE": 131166.4,
   "FEATHER": 3.567716838699738,
   "NETHERRACK": 1.0999008701398834,
   "SPONGE": 266.54970817120625,
   "BLAZE_ROD": 28.5,
   "ENCHANTED_DARK_OAK_LOG": 953.138125,
   "YOUNG_FRAGMENT": 15734.649999999998,
   "ENCHANTED_CLOWNFISH": 2725.75,
   "ENCHANTED_GOLD": 1713.3709974853311,
   "ENCHANTED_RAW_CHICKEN": 696.1180779569893,
   "ENCHANTED_WATER_LILY": 49582.05,
   "LOG:1": 9.346603369884996,
   "CATALYST": 26255.4,
   "LOG:3": 8.468661119272603,
   "LOG:2": 7.382434531812812,
   "ENCHANTED_GLOWSTONE_DUST": 782.2,
   "ENCHANTED_INK_SACK": 28552.941666666666,
   "ENCHANTED_CACTUS": 304388.54000000004,
   "ENCHANTED_SUGAR_CANE": 65610.3,
   "ENCHANTED_COOKED_SALMON": 259565.13611111112,
   "ENCHANTED_SEEDS": 76.45,
   "LOG": 6.6231478658536584,
   "GHAST_TEAR": 21.446878976381676,
   "UNSTABLE_FRAGMENT": 7413.8,
   "ENCHANTED_ENDER_PEARL": 197.15,
   "PURPLE_CANDY": 5606.596428571429,
   "ENCHANTED_FERMENTED_SPIDER_EYE": 84203.35,
   "ENCHANTED_GOLD_BLOCK": 205356.61666666664,
   "ENCHANTED_JUNGLE_LOG": 1447.9499999999998,
   "ENCHANTED_FLINT": 2470.8125,
   "IRON_INGOT": 7.823827842694847,
   "ENCHANTED_EMERALD_BLOCK": 161855.95,
   "ENCHANTED_CLAY_BALL": 478.4723374389196,
   "GLOWSTONE_DUST": 14.902603597992343,
   "GOLD_INGOT": 10.107295045709233,
   "REVENANT_VISCERA": 63534.82811594203,
   "TARANTULA_SILK": 100082.6,
   "ENCHANTED_MUTTON": 3312.347900262467,
   "SUPER_COMPACTOR_3000": 353619.4,
   "SUPER_EGG": 308628.025,
   "ENCHANTED_IRON": 1424.9624999999999,
   "STOCK_OF_STONKS": 5998.585770283724,
   "ENCHANTED_HAY_BLOCK": 6935.200000000001,
   "ENCHANTED_PAPER": 364.58124999999995,
   "ENCHANTED_BONE": 2096.959375,
   "ENCHANTED_DIAMOND_BLOCK": 206912.10384615383,
   "SUPERIOR_FRAGMENT": 218625.19583333336,
   "EMERALD": 6.548808379780896,
   "ENCHANTED_RABBIT_FOOT": 6019.75,
   "HOT_POTATO_BOOK": 122060,
   "ENCHANTED_ICE": 553.8000000000001,
   "CLAY_BALL": 6.127263429863279,
   "OLD_FRAGMENT": 2639.357142857143,
   "GREEN_GIFT": 5629.43,
   "PACKED_ICE": 27.69004727547663,
   "WATER_LILY": 298.9538537549407,
   "LOG_2": 5.2198957839886315,
   "HAMSTER_WHEEL": 20211.199999999997,
   "ENCHANTED_OBSIDIAN": 4055.296341463414,
   "ENCHANTED_COAL": 1275.6030712530712,
   "COAL": 11.014560221870049,
   "ENCHANTED_QUARTZ": 1976.868361581921,
   "ENDER_PEARL": 8.493401569916507,
   "ENCHANTED_COAL_BLOCK": 205529.43787878787,
   "ENCHANTED_PRISMARINE_CRYSTALS": 370.1,
   "ENCHANTED_WET_SPONGE": 364498.4,
   "ENCHANTED_RAW_FISH": 5266.061747453741,
   "ENDER_STONE": 13.595022190236296,
   "FOUL_FLESH": 25537.919444444444,
   "QUARTZ": 20.35,
   "RAW_BEEF": 8.900000000000002,
   "ENCHANTED_EYE_OF_ENDER": 4841.1,
   "SUGAR_CANE": 3.8591323626529137,
   "MAGMA_CREAM": 7.65,
   "RED_GIFT": 40017.40808080808,
   "ENCHANTED_RAW_BEEF": 737.02416918429,
   "ENCHANTED_SLIME_BLOCK": 250309.5,
   "ENCHANTED_FEATHER": 459.95,
   "ENCHANTED_OAK_LOG": 1300.4,
   "RABBIT_HIDE": 14.899999999999999,
   "WHITE_GIFT": 3218.707535986452,
   "SULPHUR": 18.437651400908646,
   "NETHER_STALK": 12.4,
   "RABBIT": 21.030819956597735,
   "ENCHANTED_CARROT": 587.1841176470588,
   "ENCHANTED_PUMPKIN": 645.55,
   "ROTTEN_FLESH": 11.320356868764389,
   "ENCHANTED_COOKED_FISH": 847579.3999999999,
   "OBSIDIAN": 24.949015957446807,
   "ENCHANTED_MAGMA_CREAM": 1284.516063348416,
   "ENCHANTED_FIREWORK_ROCKET": 230854.35,
   "LEATHER": 19.172748559262004,
   "ENCHANTED_COOKED_MUTTON": 253123.91666666666,
   "ENCHANTED_RABBIT": 632.25,
   "ENCHANTED_BREAD": 87.16379310344828,
   "ENCHANTED_CHARCOAL": 2106.0987421383647,
   "ENCHANTED_BLAZE_POWDER": 3960.2,
   "SUMMONING_EYE": 622499.875,
   "SNOW_BLOCK": 8,
   "ENCHANTED_BAKED_POTATO": 119032.009375,
   "COMPACTOR": 4420,
   "ENCHANTED_DIAMOND": 1288.5,
   "time": "Sunday 26 Apr - 22:33"
}