{
   "INK_SACK:3": 4.6,
   "BROWN_MUSHROOM": 16.045803829006033,
   "INK_SACK:4": 4.15,
   "TARANTULA_WEB": 95.17786885245903,
   "CARROT_ITEM": 2.8258962782501134,
   "ENCHANTED_POTATO": 808.4704173201771,
   "ENCHANTED_SLIME_BALL": 1614.6926751592357,
   "ENCHANTED_RED_MUSHROOM": 3236.223597678917,
   "ENCHANTED_GOLDEN_CARROT": 90734.46875,
   "ENCHANTED_RABBIT_HIDE": 10156.998616600791,
   "ENCHANTED_BIRCH_LOG": 1495.8530392156863,
   "ENCHANTED_GUNPOWDER": 2876.0584210526313,
   "ENCHANTED_MELON": 212.05,
   "ENCHANTED_SUGAR": 472.9856967964621,
   "CACTUS": 5,
   "ENCHANTED_BLAZE_ROD": 650422.85,
   "ENCHANTED_CAKE": 4672.093333333334,
   "PUMPKIN": 3.7997454217407043,
   "ENCHANTED_BROWN_MUSHROOM": 2745.2000000000003,
   "WHEAT": 4.5,
   "ENCHANTED_RAW_SALMON": 1574.9187499999998,
   "ENCHANTED_GLISTERING_MELON": 7735.075000000001,
   "PRISMARINE_SHARD": 7.9,
   "PROTECTOR_FRAGMENT": 2557.45,
   "ENCHANTED_EMERALD": 975.8459493670887,
   "ENCHANTED_SPIDER_EYE": 1251.6319277108432,
   "RED_MUSHROOM": 18.65,
   "ENCHANTED_MELON_BLOCK": 30783.65,
   "MUTTON": 20.546614242027086,
   "DIAMOND": 7.85,
   "WISE_FRAGMENT": 4647.2856382978725,
   "COBBLESTONE": 3.75,
   "SPIDER_EYE": 7.066147075004586,
   "RAW_FISH": 30.19500821692687,
   "ENCHANTED_PUFFERFISH": 2385.8892857142855,
   "POTATO_ITEM": 4.65,
   "ENCHANTED_HUGE_MUSHROOM_1": 24999.649999999998,
   "ENCHANTED_COBBLESTONE": 604.9929527548504,
   "ENCHANTED_HUGE_MUSHROOM_2": 32782.25857142857,
   "PORK": 15.7,
   "PRISMARINE_CRYSTALS": 5.449999999999999,
   "ICE": 3.25,
   "HUGE_MUSHROOM_1": 45.85,
   "HUGE_MUSHROOM_2": 44.900000000000006,
   "LOG_2:1": 5.35,
   "ENCHANTED_SNOW_BLOCK": 598.7602617784764,
   "GOLDEN_TOOTH": 94486.17222222222,
   "STRING": 11.22575735821967,
   "RABBIT_FOOT": 34.1,
   "REDSTONE": 3.5,
   "ENCHANTED_CACTUS_GREEN": 1759.516304347826,
   "ENCHANTED_CARROT_ON_A_STICK": 20000,
   "ENCHANTED_LAPIS_LAZULI_BLOCK": 80105.25833333333,
   "ENCHANTED_COOKIE": 117250.55,
   "ENCHANTED_ENDSTONE": 1445.572932330827,
   "ENCHANTED_SAND": 2803.2,
   "ENCHANTED_STRING": 2071.95,
   "STRONG_FRAGMENT": 18751.959936406995,
   "SLIME_BALL": 9.211311827956989,
   "ENCHANTED_ACACIA_LOG": 959.1855555555555,
   "SNOW_BALL": 2.7,
   "ENCHANTED_EGG": 2281.662424242424,
   "SAND": 15.187267552182163,
   "RAW_CHICKEN": 11.963949501246884,
   "ENCHANTED_LAPIS_LAZULI": 676.3771069037173,
   "ENCHANTED_GHAST_TEAR": 103.31341103570375,
   "ENCHANTED_COCOA": 842.0162499999999,
   "SEEDS": 0.42283675289919714,
   "ENCHANTED_LEATHER": 8993.85,
   "ENCHANTED_SPONGE": 11045.05,
   "HAY_BLOCK": 55.11304436304436,
   "INK_SACK": 327.1,
   "FLINT": 14.318505278607864,
   "ENCHANTED_ROTTEN_FLESH": 2112.1000000000004,
   "ENCHANTED_SPRUCE_LOG": 1692.8790983606557,
   "WOLF_TOOTH": 296.4,
   "ENCHANTED_GRILLED_PORK": 305288.85,
   "ENCHANTED_NETHER_STALK": 2061.180204081633,
   "ENCHANTED_REDSTONE_BLOCK": 98616.03125,
   "ENCHANTED_QUARTZ_BLOCK": 325798.1166666667,
   "GREEN_CANDY": 675.3185137732223,
   "ENCHANTED_REDSTONE": 641.0012048192771,
   "ENCHANTED_REDSTONE_LAMP": 112457.76268939393,
   "GRAVEL": 3.449561696448742,
   "MELON": 2.2445945945945946,
   "ENCHANTED_LAVA_BUCKET": 410734.6,
   "ENCHANTED_PACKED_ICE": 102353.05714285714,
   "RAW_FISH:3": 9.713773431132845,
   "ENCHANTED_PRISMARINE_SHARD": 395.20000000000005,
   "ENCHANTED_IRON_BLOCK": 210770.75833333333,
   "BONE": 11.23498358633783,
   "RAW_FISH:2": 17.108541089566017,
   "RAW_FISH:1": 9.047448453608247,
   "REVENANT_FLESH": 15,
   "ENCHANTED_PORK": 2369.9165333256587,
   "ENCHANTED_GLOWSTONE": 135384.3541666667,
   "FEATHER": 2.6,
   "NETHERRACK": 0.9500000000000002,
   "SPONGE": 268.8942307692308,
   "BLAZE_ROD": 28.57296137339056,
   "ENCHANTED_DARK_OAK_LOG": 945.54,
   "YOUNG_FRAGMENT": 14321.53767806268,
   "ENCHANTED_CLOWNFISH": 3202.259841269841,
   "ENCHANTED_GOLD": 1657.9048229088169,
   "ENCHANTED_RAW_CHICKEN": 631.2354545454546,
   "ENCHANTED_WATER_LILY": 54748.85,
   "LOG:1": 9.559897587926155,
   "CATALYST": 27449.766666666666,
   "LOG:3": 7.276071878940732,
   "LOG:2": 7.484796573875802,
   "ENCHANTED_GLOWSTONE_DUST": 783.5583333333333,
   "ENCHANTED_INK_SACK": 28433.35,
   "ENCHANTED_CACTUS": 330005.025,
   "ENCHANTED_SUGAR_CANE": 66833.06530612244,
   "ENCHANTED_COOKED_SALMON": 253999.61,
   "ENCHANTED_SEEDS": 80.35,
   "LOG": 6.4,
   "GHAST_TEAR": 21.99283137962128,
   "UNSTABLE_FRAGMENT": 7851.238157894736,
   "ENCHANTED_ENDER_PEARL": 198,
   "PURPLE_CANDY": 6834.198181818182,
   "ENCHANTED_FERMENTED_SPIDER_EYE": 86476.05,
   "ENCHANTED_GOLD_BLOCK": 195482.68333333335,
   "ENCHANTED_JUNGLE_LOG": 1295.8,
   "ENCHANTED_FLINT": 2625.774585635359,
   "IRON_INGOT": 8.344606621573513,
   "ENCHANTED_EMERALD_BLOCK": 169269.4,
   "ENCHANTED_CLAY_BALL": 477.80000000000007,
   "GLOWSTONE_DUST": 15.149999999999999,
   "GOLD_INGOT": 8.898758057584873,
   "REVENANT_VISCERA": 71273.85,
   "TARANTULA_SILK": 102730.15,
   "ENCHANTED_MUTTON": 3060.1,
   "SUPER_COMPACTOR_3000": 376855.97857142857,
   "SUPER_EGG": 341143.95,
   "ENCHANTED_IRON": 1530.1624434389141,
   "STOCK_OF_STONKS": 6153.573089171974,
   "ENCHANTED_HAY_BLOCK": 8260.325,
   "ENCHANTED_PAPER": 713.4056179775281,
   "ENCHANTED_BONE": 2060.652142857143,
   "ENCHANTED_DIAMOND_BLOCK": 208261.284004884,
   "SUPERIOR_FRAGMENT": 227190.2727272727,
   "EMERALD": 6,
   "ENCHANTED_RABBIT_FOOT": 5929.370000000001,
   "HOT_POTATO_BOOK": 130250.01666666666,
   "ENCHANTED_ICE": 628.6293478260869,
   "CLAY_BALL": 6.1,
   "OLD_FRAGMENT": 2958.145,
   "GREEN_GIFT": 5796.700000000001,
   "PACKED_ICE": 31.19924411619057,
   "WATER_LILY": 318.378535329226,
   "LOG_2": 5.467948674482149,
   "HAMSTER_WHEEL": 21334.30251572327,
   "ENCHANTED_OBSIDIAN": 4470.544444444445,
   "ENCHANTED_COAL": 1282.9,
   "COAL": 13.102002381210088,
   "ENCHANTED_QUARTZ": 1977.9802390852392,
   "ENDER_PEARL": 8.45,
   "ENCHANTED_COAL_BLOCK": 203549.53333333333,
   "ENCHANTED_PRISMARINE_CRYSTALS": 401.7,
   "ENCHANTED_WET_SPONGE": 413927.9,
   "ENCHANTED_RAW_FISH": 5031.8,
   "ENDER_STONE": 16.944808405438817,
   "FOUL_FLESH": 26131.09411764706,
   "QUARTZ": 19.61477272727273,
   "RAW_BEEF": 8.708023340627278,
   "ENCHANTED_EYE_OF_ENDER": 4565.548780487805,
   "SUGAR_CANE": 3.9009509438990504,
   "MAGMA_CREAM": 7.745509499136442,
   "RED_GIFT": 36201.2,
   "ENCHANTED_RAW_BEEF": 773.4824079360549,
   "ENCHANTED_SLIME_BLOCK": 241334.34999999998,
   "ENCHANTED_FEATHER": 470.3606363636364,
   "ENCHANTED_OAK_LOG": 1254.0804347826088,
   "RABBIT_HIDE": 14.267962466487935,
   "WHITE_GIFT": 3825.289939503624,
   "SULPHUR": 19.049999999999997,
   "NETHER_STALK": 10.5,
   "RABBIT": 7.8,
   "ENCHANTED_CARROT": 601.4411470985154,
   "ENCHANTED_PUMPKIN": 641.4285804178203,
   "ROTTEN_FLESH": 11.850000000000001,
   "ENCHANTED_COOKED_FISH": 834220.7,
   "OBSIDIAN": 27.119825708061004,
   "ENCHANTED_MAGMA_CREAM": 1275.6808682280735,
   "ENCHANTED_FIREWORK_ROCKET": 210075.2,
   "LEATHER": 16.733151994724693,
   "ENCHANTED_COOKED_MUTTON": 311514.19999999995,
   "ENCHANTED_RABBIT": 620.9000000000001,
   "ENCHANTED_BREAD": 82.28217354054377,
   "ENCHANTED_CHARCOAL": 2106.95,
   "ENCHANTED_BLAZE_POWDER": 3866.9703947368416,
   "SUMMONING_EYE": 637198.8999999999,
   "SNOW_BLOCK": 8.444124060599947,
   "ENCHANTED_BAKED_POTATO": 128488.57777777777,
   "COMPACTOR": 4727,
   "ENCHANTED_DIAMOND": 1292.2,
   "time": "Friday 24 Apr - 19:36"
}