{
   "INK_SACK:3": 5.200237616523488,
   "BROWN_MUSHROOM": 15.842042657916327,
   "INK_SACK:4": 3.655199145067173,
   "TARANTULA_WEB": 84.06817898942795,
   "CARROT_ITEM": 8.557489931999736,
   "ENCHANTED_POTATO": 754.6046460176991,
   "ENCHANTED_SLIME_BALL": 1545.75,
   "ENCHANTED_RED_MUSHROOM": 3224.3640326311943,
   "ENCHANTED_GOLDEN_CARROT": 134059.35666666666,
   "ENCHANTED_RABBIT_HIDE": 6494.228571428572,
   "ENCHANTED_BIRCH_LOG": 1358.8666666666666,
   "ENCHANTED_GUNPOWDER": 2903.212890625,
   "ENCHANTED_MELON": 187.0043870967742,
   "ENCHANTED_SUGAR": 908.78344988345,
   "CACTUS": 4.593204911092295,
   "ENCHANTED_BLAZE_ROD": 613055.825,
   "ENCHANTED_CAKE": 6100.049999999999,
   "PUMPKIN": 3.7488057980563334,
   "ENCHANTED_BROWN_MUSHROOM": 2886.35,
   "WHEAT": 3.3968271239554317,
   "ENCHANTED_RAW_SALMON": 1583.731875,
   "ENCHANTED_GLISTERING_MELON": 8504.420833333334,
   "PRISMARINE_SHARD": 4.8,
   "PROTECTOR_FRAGMENT": 2684.6243243243243,
   "ENCHANTED_EMERALD": 1015.1357142857142,
   "ENCHANTED_SPIDER_EYE": 1780.8388571428573,
   "RED_MUSHROOM": 18.3,
   "ENCHANTED_MELON_BLOCK": 29980.8,
   "MUTTON": 26.75341158059468,
   "DIAMOND": 7.740643346379648,
   "WISE_FRAGMENT": 4483.311965811966,
   "COBBLESTONE": 4.560618875709128,
   "SPIDER_EYE": 9.443545501022495,
   "RAW_FISH": 25.7183692166743,
   "ENCHANTED_PUFFERFISH": 2386.6022727272725,
   "POTATO_ITEM": 4.286238735411434,
   "ENCHANTED_HUGE_MUSHROOM_1": 9249.99,
   "ENCHANTED_COBBLESTONE": 653.4768518518518,
   "ENCHANTED_HUGE_MUSHROOM_2": 26943.85,
   "PORK": 22.480479721580572,
   "PRISMARINE_CRYSTALS": 5.1,
   "ICE": 3.9422292374939296,
   "HUGE_MUSHROOM_1": 9.358423823626193,
   "HUGE_MUSHROOM_2": 39.85,
   "LOG_2:1": 3.7,
   "ENCHANTED_SNOW_BLOCK": 600.3168946932007,
   "GOLDEN_TOOTH": 92348.5894736842,
   "STRING": 8.841493621646357,
   "RABBIT_FOOT": 32.37570621468926,
   "REDSTONE": 3.1758302253103765,
   "ENCHANTED_CACTUS_GREEN": 1533.85,
   "ENCHANTED_LAPIS_LAZULI_BLOCK": 75031.58333333333,
   "ENCHANTED_COOKIE": 121689.35,
   "ENCHANTED_ENDSTONE": 5725.85,
   "ENCHANTED_SAND": 2435.256976744186,
   "ENCHANTED_STRING": 1573.3166666666666,
   "STRONG_FRAGMENT": 17201.21851851852,
   "SLIME_BALL": 8.35,
   "ENCHANTED_ACACIA_LOG": 1313.25,
   "SNOW_BALL": 1.694977660102598,
   "ENCHANTED_EGG": 4159.130888030888,
   "SAND": 13.400000000000002,
   "RAW_CHICKEN": 19.232257482870537,
   "ENCHANTED_LAPIS_LAZULI": 626.0902138540214,
   "ENCHANTED_GHAST_TEAR": 109.66116870876532,
   "ENCHANTED_COCOA": 901.9012356841471,
   "SEEDS": 0.25,
   "ENCHANTED_LEATHER": 9542.770833333332,
   "ENCHANTED_SPONGE": 10517,
   "HAY_BLOCK": 40.36070681723129,
   "INK_SACK": 264.9854947484798,
   "FLINT": 14.921669270252176,
   "ENCHANTED_ROTTEN_FLESH": 2025.1499999999999,
   "ENCHANTED_SPRUCE_LOG": 1284.6640698369333,
   "WOLF_TOOTH": 267.90000000000003,
   "ENCHANTED_GRILLED_PORK": 284833.05,
   "ENCHANTED_NETHER_STALK": 2111.4,
   "ENCHANTED_REDSTONE_BLOCK": 91878.81720588234,
   "ENCHANTED_QUARTZ_BLOCK": 314508.975,
   "GREEN_CANDY": 1226.8602941176468,
   "ENCHANTED_REDSTONE": 568.05,
   "ENCHANTED_REDSTONE_LAMP": 108443.94999999998,
   "GRAVEL": 2.7,
   "MELON": 3.155856230918679,
   "ENCHANTED_LAVA_BUCKET": 412736.4166666667,
   "ENCHANTED_PACKED_ICE": 123651.32149999999,
   "RAW_FISH:3": 14.05,
   "ENCHANTED_PRISMARINE_SHARD": 369.8928571428571,
   "ENCHANTED_IRON_BLOCK": 188518.4375,
   "BONE": 21.971076922120975,
   "RAW_FISH:2": 19.096534653465348,
   "RAW_FISH:1": 10.5,
   "REVENANT_FLESH": 10.783446610683932,
   "ENCHANTED_PORK": 2049.0836065573767,
   "ENCHANTED_GLOWSTONE": 140268.89285714287,
   "FEATHER": 2.5999999999999996,
   "NETHERRACK": 0.9500000000000001,
   "SPONGE": 241.05,
   "BLAZE_ROD": 27.92474786811082,
   "ENCHANTED_DARK_OAK_LOG": 767.3240963855421,
   "YOUNG_FRAGMENT": 17386.300000000003,
   "ENCHANTED_CLOWNFISH": 3194.4222222222224,
   "ENCHANTED_GOLD": 1663.4454700854699,
   "ENCHANTED_RAW_CHICKEN": 720.45,
   "ENCHANTED_WATER_LILY": 54951.8,
   "LOG:1": 7.393506350082827,
   "CATALYST": 27698.101515151517,
   "LOG:3": 7.66798353909465,
   "LOG:2": 6.917046708348657,
   "ENCHANTED_GLOWSTONE_DUST": 947.8002440447768,
   "ENCHANTED_INK_SACK": 24037.704545454548,
   "ENCHANTED_CACTUS": 257202.3,
   "ENCHANTED_SUGAR_CANE": 167519.0076923077,
   "ENCHANTED_COOKED_SALMON": 256007.51296296297,
   "ENCHANTED_SEEDS": 100.14429824561404,
   "LOG": 6.1663986512773965,
   "GHAST_TEAR": 20.49592421758347,
   "UNSTABLE_FRAGMENT": 6731.5,
   "ENCHANTED_ENDER_PEARL": 197.2053786270347,
   "PURPLE_CANDY": 17404.9228713969,
   "ENCHANTED_FERMENTED_SPIDER_EYE": 123199.04166666666,
   "ENCHANTED_GOLD_BLOCK": 230429.10000000003,
   "ENCHANTED_JUNGLE_LOG": 1372.7032608695652,
   "ENCHANTED_FLINT": 2644.145681818182,
   "IRON_INGOT": 6.446082573211714,
   "ENCHANTED_EMERALD_BLOCK": 170366.65714285715,
   "ENCHANTED_CLAY_BALL": 478.1318583408206,
   "GLOWSTONE_DUST": 22.275135975135974,
   "GOLD_INGOT": 9.917635014693838,
   "REVENANT_VISCERA": 53398.9,
   "TARANTULA_SILK": 97730.1,
   "ENCHANTED_MUTTON": 3227.1000000000004,
   "SUPER_COMPACTOR_3000": 387908.2166666667,
   "SUPER_EGG": 595474.1471428572,
   "ENCHANTED_IRON": 1241.993220338983,
   "STOCK_OF_STONKS": 6103.264212765957,
   "ENCHANTED_HAY_BLOCK": 6408.98396366333,
   "ENCHANTED_PAPER": 672.8910344827586,
   "ENCHANTED_BONE": 3762.55,
   "ENCHANTED_DIAMOND_BLOCK": 212000.69444444444,
   "SUPERIOR_FRAGMENT": 235034.8178571429,
   "EMERALD": 6.573027259684361,
   "ENCHANTED_RABBIT_FOOT": 5742.107236842105,
   "HOT_POTATO_BOOK": 121123.65,
   "ENCHANTED_ICE": 723.6,
   "CLAY_BALL": 6.1,
   "OLD_FRAGMENT": 2699,
   "GREEN_GIFT": 6752.5,
   "PACKED_ICE": 39.68359762140733,
   "WATER_LILY": 360.7,
   "LOG_2": 7.79805751765893,
   "HAMSTER_WHEEL": 20599.695103857564,
   "ENCHANTED_OBSIDIAN": 4403.441326530612,
   "ENCHANTED_COAL": 1279.5816666666667,
   "COAL": 11.35,
   "ENCHANTED_QUARTZ": 1860.9,
   "ENDER_PEARL": 9.066549020233984,
   "ENCHANTED_COAL_BLOCK": 208194.125,
   "ENCHANTED_PRISMARINE_CRYSTALS": 381.60576923076917,
   "ENCHANTED_WET_SPONGE": 411249.1,
   "ENCHANTED_RAW_FISH": 4733.413157894736,
   "ENDER_STONE": 35.59488935721812,
   "FOUL_FLESH": 25439.850000000002,
   "QUARTZ": 31.15,
   "RAW_BEEF": 7.95,
   "ENCHANTED_EYE_OF_ENDER": 4714.813095238095,
   "SUGAR_CANE": 6.485848937246963,
   "MAGMA_CREAM": 7.3067551119766305,
   "RED_GIFT": 40904.575,
   "ENCHANTED_RAW_BEEF": 631.1,
   "ENCHANTED_SLIME_BLOCK": 286375.05,
   "ENCHANTED_FEATHER": 477.5,
   "ENCHANTED_OAK_LOG": 1145.8,
   "RABBIT_HIDE": 12.32256025286448,
   "WHITE_GIFT": 3318.203878406709,
   "SULPHUR": 17.128009841762584,
   "NETHER_STALK": 11.195472417490766,
   "RABBIT": 25.5,
   "ENCHANTED_CARROT": 908.65,
   "ENCHANTED_PUMPKIN": 639.8384007029878,
   "ROTTEN_FLESH": 11.12006834184239,
   "ENCHANTED_COOKED_FISH": 789420.4166666667,
   "OBSIDIAN": 26.63177264493906,
   "ENCHANTED_MAGMA_CREAM": 1296.6,
   "ENCHANTED_FIREWORK_ROCKET": 212574.17500000002,
   "LEATHER": 24.02349683544304,
   "ENCHANTED_COOKED_MUTTON": 345424.2375,
   "ENCHANTED_RABBIT": 635.0999999999999,
   "ENCHANTED_BREAD": 59.1,
   "ENCHANTED_CHARCOAL": 2129.968323863636,
   "ENCHANTED_BLAZE_POWDER": 3690.9755079006773,
   "SUMMONING_EYE": 565594.15,
   "SNOW_BLOCK": 7.700000000000001,
   "ENCHANTED_BAKED_POTATO": 121157.18706293707,
   "COMPACTOR": 4913.231521739131,
   "ENCHANTED_DIAMOND": 1300.45,
   "ENCHANTED_CARROT_STICK": 72826.03333333333,
   "ENCHANTED_CARROT_ON_A_STICK": 37500,
   "time": "Saturday 09 May - 18:38"
}