{"time": "Sunday 19 Apr - 16:41 ", "INK_SACK:3": 4.52625, "BROWN_MUSHROOM": 14.103768607043445, "INK_SACK:4": 4.002310193830897, "TARANTULA_WEB": 76.7, "CARROT_ITEM": 3.3192833993518187, "ENCHANTED_POTATO": 856.0489635395329, "ENCHANTED_SLIME_BALL": 1592.7361151079137, "ENCHANTED_RED_MUSHROOM": 2781.2646778042963, "ENCHANTED_GOLDEN_CARROT": 99082.12962962964, "ENCHANTED_RABBIT_HIDE": 8760.6, "ENCHANTED_BIRCH_LOG": 1417.84811827957, "ENCHANTED_GUNPOWDER": 3204.5, "ENCHANTED_MELON": 166.00265590417914, "ENCHANTED_SUGAR": 407.8714455917395, "CACTUS": 5.100352843503528, "ENCHANTED_BLAZE_ROD": 66881.38908507222, "ENCHANTED_CAKE": 3912.0, "PUMPKIN": 3.3, "ENCHANTED_BROWN_MUSHROOM": 2479.6589507842073, "WHEAT": 3.203010079533822, "ENCHANTED_RAW_SALMON": 1570.8, "ENCHANTED_GLISTERING_MELON": 5385.332777777778, "PRISMARINE_SHARD": 4.0, "PROTECTOR_FRAGMENT": 3013.709935897436, "ENCHANTED_EMERALD": 1010.3056998100062, "ENCHANTED_SPIDER_EYE": 1291.0800690250214, "RED_MUSHROOM": 16.5, "ENCHANTED_MELON_BLOCK": 30643.09189189189, "MUTTON": 30.849299115807632, "DIAMOND": 7.6, "WISE_FRAGMENT": 5720.927417027417, "COBBLESTONE": 3.2237342580762918, "SPIDER_EYE": 6.5, "RAW_FISH": 31.96163576007326, "ENCHANTED_PUFFERFISH": 2330.6, "POTATO_ITEM": 4.5, "ENCHANTED_HUGE_MUSHROOM_1": 2124.2, "ENCHANTED_COBBLESTONE": 578.0378500933582, "ENCHANTED_HUGE_MUSHROOM_2": 16797.400621118013, "PORK": 16.2, "PRISMARINE_CRYSTALS": 5.7, "ICE": 3.1000000000000005, "HUGE_MUSHROOM_1": 2.3, "HUGE_MUSHROOM_2": 20.3, "LOG_2:1": 3.5, "ENCHANTED_SNOW_BLOCK": 591.5376410079093, "GOLDEN_TOOTH": 96266.50761904762, "STRING": 8.2, "RABBIT_FOOT": 37.4, "REDSTONE": 3.4, "ENCHANTED_CACTUS_GREEN": 1465.8036355475763, "ENCHANTED_CARROT_ON_A_STICK": 1080.9532619279455, "ENCHANTED_LAPIS_LAZULI_BLOCK": 55388.29994096812, "ENCHANTED_COOKIE": 101700.6, "ENCHANTED_ENDSTONE": 1692.8580152671757, "ENCHANTED_SAND": 2858.354367816092, "ENCHANTED_STRING": 1946.6723171565277, "STRONG_FRAGMENT": 19087.811462450594, "SLIME_BALL": 7.6, "ENCHANTED_ACACIA_LOG": 994.63280839895, "SNOW_BALL": 1.6, "ENCHANTED_EGG": 2435.4, "SAND": 15.300000000000002, "RAW_CHICKEN": 15.916356100449304, "ENCHANTED_LAPIS_LAZULI": 703.1063087057292, "ENCHANTED_GHAST_TEAR": 130.10416417292024, "ENCHANTED_COCOA": 772.9468125000001, "SEEDS": 0.2, "ENCHANTED_LEATHER": 9571.90395010395, "ENCHANTED_SPONGE": 10507.102352941178, "HAY_BLOCK": 50.9, "INK_SACK": 316.69009410599307, "FLINT": 17.5, "ENCHANTED_ROTTEN_FLESH": 2606.4221632773356, "ENCHANTED_SPRUCE_LOG": 1479.6712929475586, "WOLF_TOOTH": 260.11283249766296, "ENCHANTED_GRILLED_PORK": 306632.78802395205, "ENCHANTED_NETHER_STALK": 2243.9, "ENCHANTED_REDSTONE_BLOCK": 109091.71932059448, "ENCHANTED_QUARTZ_BLOCK": 352432.2935483871, "GREEN_CANDY": 746.0064925183871, "ENCHANTED_REDSTONE": 681.100065079637, "ENCHANTED_REDSTONE_LAMP": 119526.99439252337, "GRAVEL": 3.6000000000000005, "MELON": 2.7, "ENCHANTED_LAVA_BUCKET": 6189.7687604592975, "ENCHANTED_PACKED_ICE": 116252.69824561405, "RAW_FISH:3": 11.9, "ENCHANTED_PRISMARINE_SHARD": 383.2, "ENCHANTED_IRON_BLOCK": 182714.43035714285, "BONE": 9.4, "RAW_FISH:2": 17.9, "RAW_FISH:1": 8.2, "REVENANT_FLESH": 8.90011398763524, "ENCHANTED_PORK": 2270.627112676056, "ENCHANTED_GLOWSTONE": 145774.36119402986, "FEATHER": 2.3, "NETHERRACK": 0.6, "SPONGE": 256.76111560226354, "BLAZE_ROD": 28.0001742071015, "ENCHANTED_DARK_OAK_LOG": 833.10441314554, "YOUNG_FRAGMENT": 15181.587222222222, "ENCHANTED_CLOWNFISH": 3145.2, "ENCHANTED_GOLD": 1904.3, "ENCHANTED_RAW_CHICKEN": 655.5014778325124, "ENCHANTED_WATER_LILY": 16273.65900954654, "LOG:1": 7.9, "CATALYST": 26898.05066394279, "LOG:3": 7.7, "LOG:2": 6.8, "ENCHANTED_GLOWSTONE_DUST": 809.2876740237691, "ENCHANTED_INK_SACK": 27021.315159574468, "ENCHANTED_CACTUS": 231501.19607843139, "ENCHANTED_SUGAR_CANE": 63407.75759787657, "ENCHANTED_COOKED_SALMON": 235122.1, "ENCHANTED_SEEDS": 78.12460162788031, "LOG": 5.878595973808106, "GHAST_TEAR": 26.0, "UNSTABLE_FRAGMENT": 7864.1, "ENCHANTED_ENDER_PEARL": 192.7, "PURPLE_CANDY": 7883.9301369863015, "ENCHANTED_FERMENTED_SPIDER_EYE": 86228.9, "ENCHANTED_GOLD_BLOCK": 202272.00597014927, "ENCHANTED_JUNGLE_LOG": 1433.7, "ENCHANTED_FLINT": 3280.1125968992246, "IRON_INGOT": 6.1, "ENCHANTED_EMERALD_BLOCK": 160387.0196969697, "ENCHANTED_CLAY_BALL": 475.0, "GLOWSTONE_DUST": 18.602485370918018, "GOLD_INGOT": 10.8, "REVENANT_VISCERA": 1238.866884832553, "TARANTULA_SILK": 116715.7, "ENCHANTED_MUTTON": 3008.6, "SUPER_COMPACTOR_3000": 380094.5369843528, "SUPER_EGG": 73058.97569721115, "ENCHANTED_IRON": 1251.3304996271438, "STOCK_OF_STONKS": 5698.750213561132, "ENCHANTED_HAY_BLOCK": 7349.352657004831, "ENCHANTED_PAPER": 184.8973826164454, "ENCHANTED_BONE": 1938.8509723643806, "ENCHANTED_DIAMOND_BLOCK": 205926.79908870687, "SUPERIOR_FRAGMENT": 209561.239067232, "EMERALD": 5.5, "ENCHANTED_RABBIT_FOOT": 6708.459109311741, "HOT_POTATO_BOOK": 136555.32944785277, "ENCHANTED_ICE": 726.0, "CLAY_BALL": 6.503092339496956, "OLD_FRAGMENT": 3017.7, "GREEN_GIFT": 5367.021929824561, "PACKED_ICE": 34.446593783881454, "WATER_LILY": 288.0, "LOG_2": 4.4, "HAMSTER_WHEEL": 16993.311193526635, "ENCHANTED_OBSIDIAN": 4800.349422336329, "ENCHANTED_COAL": 1256.636899810964, "COAL": 10.538102917157683, "ENCHANTED_QUARTZ": 2131.7593011811027, "ENDER_PEARL": 7.40169865251123, "ENCHANTED_COAL_BLOCK": 69643.10537115268, "ENCHANTED_PRISMARINE_CRYSTALS": 389.4, "ENCHANTED_WET_SPONGE": 438378.12903225806, "ENCHANTED_RAW_FISH": 5840.1426191843775, "ENDER_STONE": 11.0, "FOUL_FLESH": 26000.9, "QUARTZ": 24.62561911405651, "RAW_BEEF": 8.71229741568112, "ENCHANTED_EYE_OF_ENDER": 4501.1, "SUGAR_CANE": 3.0138365520489874, "MAGMA_CREAM": 6.9, "RED_GIFT": 39007.88854166667, "ENCHANTED_RAW_BEEF": 779.7, "ENCHANTED_SLIME_BLOCK": 6377.773948439621, "ENCHANTED_FEATHER": 460.3517394054395, "ENCHANTED_OAK_LOG": 1218.901055214724, "RABBIT_HIDE": 11.816776315789474, "WHITE_GIFT": 3776.958823529412, "SULPHUR": 18.6, "NETHER_STALK": 11.5, "RABBIT": 11.73317938745746, "ENCHANTED_CARROT": 650.0096297186823, "ENCHANTED_PUMPKIN": 638.2, "ROTTEN_FLESH": 14.8, "ENCHANTED_COOKED_FISH": 942568.3741935485, "OBSIDIAN": 30.02758693361433, "ENCHANTED_MAGMA_CREAM": 1264.5, "ENCHANTED_FIREWORK_ROCKET": 204048.31428571424, "LEATHER": 16.577554890219563, "ENCHANTED_COOKED_MUTTON": 358129.44666666666, "ENCHANTED_RABBIT": 610.2, "ENCHANTED_BREAD": 71.23013080473669, "ENCHANTED_CHARCOAL": 2109.5017316017315, "ENCHANTED_BLAZE_POWDER": 3964.6, "SUMMONING_EYE": 86872.36984500001, "SNOW_BLOCK": 9.725911685496028, "ENCHANTED_BAKED_POTATO": 904.7678811446534, "COMPACTOR": 4554.072580645161, "ENCHANTED_DIAMOND": 1276.6340966010732}