{
   "INK_SACK:3": 4.55,
   "BROWN_MUSHROOM": 14.822117317943462,
   "INK_SACK:4": 4.4,
   "TARANTULA_WEB": 72.29737073363171,
   "CARROT_ITEM": 2.6996890721073226,
   "ENCHANTED_POTATO": 814.6303420984414,
   "ENCHANTED_SLIME_BALL": 1458.1,
   "ENCHANTED_RED_MUSHROOM": 3147.404761904762,
   "ENCHANTED_GOLDEN_CARROT": 91763.375,
   "ENCHANTED_RABBIT_HIDE": 6817.99705882353,
   "ENCHANTED_BIRCH_LOG": 1499.1999999999998,
   "ENCHANTED_GUNPOWDER": 2915.35,
   "ENCHANTED_MELON": 206.61100050403226,
   "ENCHANTED_SUGAR": 498.31391752577315,
   "CACTUS": 5.300000000000001,
   "ENCHANTED_BLAZE_ROD": 623529.3,
   "ENCHANTED_CAKE": 25849.65,
   "PUMPKIN": 3.610863044390709,
   "ENCHANTED_BROWN_MUSHROOM": 2975.9175381263613,
   "WHEAT": 4.799804664377886,
   "ENCHANTED_RAW_SALMON": 1693.2357142857143,
   "ENCHANTED_GLISTERING_MELON": 7593.545,
   "PRISMARINE_SHARD": 14.35,
   "PROTECTOR_FRAGMENT": 2930.8875,
   "ENCHANTED_EMERALD": 967.8,
   "ENCHANTED_SPIDER_EYE": 1175.5942857142857,
   "RED_MUSHROOM": 14.828797546012272,
   "ENCHANTED_MELON_BLOCK": 29409.625,
   "MUTTON": 19.47193342209549,
   "DIAMOND": 7.580045730666848,
   "WISE_FRAGMENT": 5017.43953125,
   "COBBLESTONE": 3.7608602615887667,
   "SPIDER_EYE": 6.549594721960414,
   "RAW_FISH": 31.153608815141297,
   "ENCHANTED_PUFFERFISH": 2384.5,
   "POTATO_ITEM": 5.550000000000001,
   "ENCHANTED_HUGE_MUSHROOM_1": 2516.8949999999995,
   "ENCHANTED_COBBLESTONE": 592.4597314501657,
   "ENCHANTED_HUGE_MUSHROOM_2": 18174.702631578948,
   "PORK": 17.6,
   "PRISMARINE_CRYSTALS": 12.15,
   "ICE": 3.7505993423146284,
   "HUGE_MUSHROOM_1": 3.3268637532133676,
   "HUGE_MUSHROOM_2": 25,
   "LOG_2:1": 4.65,
   "ENCHANTED_SNOW_BLOCK": 635.5,
   "GOLDEN_TOOTH": 88682.64032258064,
   "STRING": 10.840331787370674,
   "RABBIT_FOOT": 31.799999999999997,
   "REDSTONE": 3.7278162628214653,
   "ENCHANTED_CACTUS_GREEN": 1571.4,
   "ENCHANTED_CARROT_ON_A_STICK": 3484.65,
   "ENCHANTED_LAPIS_LAZULI_BLOCK": 78841.75,
   "ENCHANTED_COOKIE": 104366,
   "ENCHANTED_ENDSTONE": 1679.584862842893,
   "ENCHANTED_SAND": 2658.9673076923073,
   "ENCHANTED_STRING": 1920.5345771144277,
   "STRONG_FRAGMENT": 18313.800000000003,
   "SLIME_BALL": 8.35,
   "ENCHANTED_ACACIA_LOG": 1042.9,
   "SNOW_BALL": 2.50602998696219,
   "ENCHANTED_EGG": 2201.25,
   "SAND": 15.486281319771768,
   "RAW_CHICKEN": 12.669866948896281,
   "ENCHANTED_LAPIS_LAZULI": 686.4510411939696,
   "ENCHANTED_GHAST_TEAR": 100.2,
   "ENCHANTED_COCOA": 433.01176470588234,
   "SEEDS": 0.4,
   "ENCHANTED_LEATHER": 9465.900000000001,
   "ENCHANTED_SPONGE": 11168.55,
   "HAY_BLOCK": 59.745138396025546,
   "INK_SACK": 339.35,
   "FLINT": 16.97721495327103,
   "ENCHANTED_ROTTEN_FLESH": 2462.65,
   "ENCHANTED_SPRUCE_LOG": 1665.4712962962963,
   "WOLF_TOOTH": 246.1890756302521,
   "ENCHANTED_GRILLED_PORK": 356705.7,
   "ENCHANTED_NETHER_STALK": 1832.4935897435898,
   "ENCHANTED_REDSTONE_BLOCK": 105025.725,
   "ENCHANTED_QUARTZ_BLOCK": 366042,
   "GREEN_CANDY": 615.8315844336345,
   "ENCHANTED_REDSTONE": 629.2578947368421,
   "ENCHANTED_REDSTONE_LAMP": 117016.85833333334,
   "GRAVEL": 3.5,
   "MELON": 3.05,
   "ENCHANTED_LAVA_BUCKET": 431496.5,
   "ENCHANTED_PACKED_ICE": 103848.43333333333,
   "RAW_FISH:3": 13.6,
   "ENCHANTED_PRISMARINE_SHARD": 1143.95,
   "ENCHANTED_IRON_BLOCK": 173446.425,
   "BONE": 10.24800701799653,
   "RAW_FISH:2": 17.593430420711975,
   "RAW_FISH:1": 9.000422649083726,
   "REVENANT_FLESH": 7.737817716949918,
   "ENCHANTED_PORK": 3072.758333333333,
   "ENCHANTED_GLOWSTONE": 152942.9625,
   "FEATHER": 2.740927473712591,
   "NETHERRACK": 1.1488732097725358,
   "SPONGE": 271.75,
   "BLAZE_ROD": 27.6,
   "ENCHANTED_DARK_OAK_LOG": 818.8611111111111,
   "YOUNG_FRAGMENT": 14177.5,
   "ENCHANTED_CLOWNFISH": 3169.9826086956523,
   "ENCHANTED_GOLD": 1654.55,
   "ENCHANTED_RAW_CHICKEN": 625.7813131313131,
   "ENCHANTED_WATER_LILY": 45109.95,
   "LOG:1": 9.074110032362459,
   "CATALYST": 26849.1,
   "LOG:3": 8.2,
   "LOG:2": 7.75,
   "ENCHANTED_GLOWSTONE_DUST": 870.25,
   "ENCHANTED_INK_SACK": 27800.65,
   "ENCHANTED_CACTUS": 248972.7,
   "ENCHANTED_SUGAR_CANE": 64788.35769230769,
   "ENCHANTED_COOKED_SALMON": 259007.22499999998,
   "ENCHANTED_SEEDS": 78.178125,
   "LOG": 7.449999999999999,
   "GHAST_TEAR": 27.326071103008204,
   "UNSTABLE_FRAGMENT": 7403.281818181818,
   "ENCHANTED_ENDER_PEARL": 196.07231777231777,
   "PURPLE_CANDY": 6268.75,
   "ENCHANTED_FERMENTED_SPIDER_EYE": 79616.81666666668,
   "ENCHANTED_GOLD_BLOCK": 187505.75,
   "ENCHANTED_JUNGLE_LOG": 1506.2584795321636,
   "ENCHANTED_FLINT": 3001.119178082192,
   "IRON_INGOT": 7.343346647046458,
   "ENCHANTED_EMERALD_BLOCK": 163832.55,
   "ENCHANTED_CLAY_BALL": 478.2016008549591,
   "GLOWSTONE_DUST": 15.055886332882274,
   "GOLD_INGOT": 10.41475161167994,
   "REVENANT_VISCERA": 67743.96944444445,
   "TARANTULA_SILK": 112069.81739130436,
   "ENCHANTED_MUTTON": 3044.0566371681416,
   "SUPER_COMPACTOR_3000": 388779.01249999995,
   "SUPER_EGG": 331283.375,
   "ENCHANTED_IRON": 1292.6596153846153,
   "STOCK_OF_STONKS": 5784.616666666667,
   "ENCHANTED_HAY_BLOCK": 8165.073469387755,
   "ENCHANTED_PAPER": 395.1,
   "ENCHANTED_BONE": 1837.9973684210527,
   "ENCHANTED_DIAMOND_BLOCK": 209273.05404255318,
   "SUPERIOR_FRAGMENT": 215857.2875,
   "EMERALD": 6.240764875862475,
   "ENCHANTED_RABBIT_FOOT": 5407.666666666667,
   "HOT_POTATO_BOOK": 130676.75,
   "ENCHANTED_ICE": 593.4990297542043,
   "CLAY_BALL": 4.755720767665261,
   "OLD_FRAGMENT": 2995.5470828233374,
   "GREEN_GIFT": 5274.055974842768,
   "PACKED_ICE": 23.6,
   "WATER_LILY": 292,
   "LOG_2": 5.295891141942369,
   "HAMSTER_WHEEL": 20020.89,
   "ENCHANTED_OBSIDIAN": 4337.612134502924,
   "ENCHANTED_COAL": 1297.4,
   "COAL": 11.030279688216414,
   "ENCHANTED_QUARTZ": 2094.980052463504,
   "ENDER_PEARL": 8.55,
   "ENCHANTED_COAL_BLOCK": 210125.15000000002,
   "ENCHANTED_PRISMARINE_CRYSTALS": 1157.55,
   "ENCHANTED_WET_SPONGE": 477915.55,
   "ENCHANTED_RAW_FISH": 5173.794803413593,
   "ENDER_STONE": 12.16132046187049,
   "FOUL_FLESH": 24977.84642857143,
   "QUARTZ": 22.583046075085324,
   "RAW_BEEF": 7.4,
   "ENCHANTED_EYE_OF_ENDER": 4406.2,
   "SUGAR_CANE": 3.7224025974025974,
   "MAGMA_CREAM": 7.85,
   "RED_GIFT": 36824.95,
   "ENCHANTED_RAW_BEEF": 875.4789473684211,
   "ENCHANTED_SLIME_BLOCK": 233000.875,
   "ENCHANTED_FEATHER": 473.3460317460317,
   "ENCHANTED_OAK_LOG": 1218.5,
   "RABBIT_HIDE": 7.811240319532919,
   "WHITE_GIFT": 3338,
   "SULPHUR": 17.37312463083284,
   "NETHER_STALK": 9.1,
   "RABBIT": 7.05,
   "ENCHANTED_CARROT": 551.580216802168,
   "ENCHANTED_PUMPKIN": 640.2350174825175,
   "ROTTEN_FLESH": 14.589505247376312,
   "ENCHANTED_COOKED_FISH": 852017.65,
   "OBSIDIAN": 25.79368616527391,
   "ENCHANTED_MAGMA_CREAM": 1275.145890410959,
   "ENCHANTED_FIREWORK_ROCKET": 195882.45,
   "LEATHER": 19.75,
   "ENCHANTED_COOKED_MUTTON": 428239,
   "ENCHANTED_RABBIT": 621.1499999999999,
   "ENCHANTED_BREAD": 71.55528455284554,
   "ENCHANTED_CHARCOAL": 1999.1000000000004,
   "ENCHANTED_BLAZE_POWDER": 3884.909375,
   "SUMMONING_EYE": 628332.9452380952,
   "SNOW_BLOCK": 85.06458128078818,
   "ENCHANTED_BAKED_POTATO": 128886.5,
   "COMPACTOR": 4960.666837606838,
   "ENCHANTED_DIAMOND": 1313.0500000000002,
   "time": "Tuesday 21 Apr - 23:52"
}