{
   "INK_SACK:3": 5.231115635179153,
   "BROWN_MUSHROOM": 13.399999999999999,
   "INK_SACK:4": 4.05,
   "TARANTULA_WEB": 93.45433070866142,
   "CARROT_ITEM": 8.720158418907065,
   "ENCHANTED_POTATO": 703.6,
   "ENCHANTED_SLIME_BALL": 1506.9741935483871,
   "ENCHANTED_RED_MUSHROOM": 3203.6507604562735,
   "ENCHANTED_GOLDEN_CARROT": 133830.05,
   "ENCHANTED_RABBIT_HIDE": 9839.29393939394,
   "ENCHANTED_BIRCH_LOG": 1148.3104538181415,
   "ENCHANTED_GUNPOWDER": 2910.6949438202246,
   "ENCHANTED_MELON": 196.1,
   "ENCHANTED_SUGAR": 740.8088397790056,
   "CACTUS": 4.65,
   "ENCHANTED_BLAZE_ROD": 642565.1375,
   "ENCHANTED_CAKE": 7013.655000000001,
   "PUMPKIN": 3.5999999999999996,
   "ENCHANTED_BROWN_MUSHROOM": 2820.2,
   "WHEAT": 3.9,
   "ENCHANTED_RAW_SALMON": 1596.6085284280937,
   "ENCHANTED_GLISTERING_MELON": 8802.150000000001,
   "PRISMARINE_SHARD": 3.9486027737528464,
   "PROTECTOR_FRAGMENT": 2665.7469879518076,
   "ENCHANTED_EMERALD": 1019.995588235294,
   "ENCHANTED_SPIDER_EYE": 1488.9412621359224,
   "RED_MUSHROOM": 16.42058481365391,
   "ENCHANTED_MELON_BLOCK": 28200.45,
   "MUTTON": 28.905725500812125,
   "DIAMOND": 7.6,
   "WISE_FRAGMENT": 4521.878461538461,
   "COBBLESTONE": 3.752530801224202,
   "SPIDER_EYE": 8.649999999999999,
   "RAW_FISH": 24.44954199792603,
   "ENCHANTED_PUFFERFISH": 2378.95,
   "POTATO_ITEM": 4.2818867924528305,
   "ENCHANTED_HUGE_MUSHROOM_1": 9698.322222222223,
   "ENCHANTED_COBBLESTONE": 668,
   "ENCHANTED_HUGE_MUSHROOM_2": 20884.63333333333,
   "PORK": 19.61106309420916,
   "PRISMARINE_CRYSTALS": 5,
   "ICE": 3.9499999999999997,
   "HUGE_MUSHROOM_1": 8.07011952191235,
   "HUGE_MUSHROOM_2": 27.87039459336538,
   "LOG_2:1": 4.635956790123457,
   "ENCHANTED_SNOW_BLOCK": 596.45,
   "GOLDEN_TOOTH": 89844.04999999999,
   "STRING": 8.820463170701464,
   "RABBIT_FOOT": 34.45,
   "REDSTONE": 3.378322405607054,
   "ENCHANTED_CACTUS_GREEN": 1436.8691823899371,
   "ENCHANTED_LAPIS_LAZULI_BLOCK": 75113.06739130436,
   "ENCHANTED_COOKIE": 124055.36666666667,
   "ENCHANTED_ENDSTONE": 4006.7,
   "ENCHANTED_SAND": 2314.8,
   "ENCHANTED_STRING": 1590.017076167076,
   "STRONG_FRAGMENT": 19703.15,
   "SLIME_BALL": 7.800000000000001,
   "ENCHANTED_ACACIA_LOG": 1397.7096296296297,
   "SNOW_BALL": 2.3500000000000005,
   "ENCHANTED_EGG": 3484.802990186056,
   "SAND": 11.750807929368648,
   "RAW_CHICKEN": 14.2,
   "ENCHANTED_LAPIS_LAZULI": 622.2126027888667,
   "ENCHANTED_GHAST_TEAR": 104.88684735055338,
   "ENCHANTED_COCOA": 832.389894319683,
   "SEEDS": 0.4,
   "ENCHANTED_LEATHER": 9399.092346938776,
   "ENCHANTED_SPONGE": 10843.85,
   "HAY_BLOCK": 44.27826617826618,
   "INK_SACK": 321.9,
   "FLINT": 14.65,
   "ENCHANTED_ROTTEN_FLESH": 1739.7814285714285,
   "ENCHANTED_SPRUCE_LOG": 1288.4814285714285,
   "WOLF_TOOTH": 322.7,
   "ENCHANTED_GRILLED_PORK": 286078.1,
   "ENCHANTED_NETHER_STALK": 2099.410465116279,
   "ENCHANTED_REDSTONE_BLOCK": 79900.85,
   "ENCHANTED_QUARTZ_BLOCK": 322448.875,
   "GREEN_CANDY": 1021.4,
   "ENCHANTED_REDSTONE": 584.2,
   "ENCHANTED_REDSTONE_LAMP": 109008.5125,
   "GRAVEL": 2.4184710938439826,
   "MELON": 2.893215636822194,
   "ENCHANTED_LAVA_BUCKET": 428768.5375,
   "ENCHANTED_PACKED_ICE": 148550.97936507937,
   "RAW_FISH:3": 14.351912955465586,
   "ENCHANTED_PRISMARINE_SHARD": 409.3727272727273,
   "ENCHANTED_IRON_BLOCK": 193175.02500000002,
   "BONE": 19.15,
   "RAW_FISH:2": 14.55,
   "RAW_FISH:1": 10.2521101992966,
   "REVENANT_FLESH": 8.399677734023658,
   "ENCHANTED_PORK": 1970.7841911059995,
   "ENCHANTED_GLOWSTONE": 124172.21785714285,
   "FEATHER": 2.106451799895658,
   "NETHERRACK": 1.5042708003796268,
   "SPONGE": 260.68642331932773,
   "BLAZE_ROD": 28.348939695162358,
   "ENCHANTED_DARK_OAK_LOG": 809.9522232744107,
   "YOUNG_FRAGMENT": 17756.35070422535,
   "ENCHANTED_CLOWNFISH": 3078.55,
   "ENCHANTED_GOLD": 1431.2968253968254,
   "ENCHANTED_RAW_CHICKEN": 785.8009090909092,
   "ENCHANTED_WATER_LILY": 48040.40909090909,
   "LOG:1": 7.440653714885796,
   "CATALYST": 26864.39295918367,
   "LOG:3": 6.5262197262197255,
   "LOG:2": 5.96631507775524,
   "ENCHANTED_GLOWSTONE_DUST": 875.9963455149502,
   "ENCHANTED_INK_SACK": 25933.466666666667,
   "ENCHANTED_CACTUS": 258533.3,
   "ENCHANTED_SUGAR_CANE": 116749.39250000002,
   "ENCHANTED_COOKED_SALMON": 254748.71315789473,
   "ENCHANTED_SEEDS": 79.64579439252336,
   "LOG": 5.9,
   "GHAST_TEAR": 22.25776107273466,
   "UNSTABLE_FRAGMENT": 7292.346450870851,
   "ENCHANTED_ENDER_PEARL": 195.7200820707341,
   "PURPLE_CANDY": 18504.281216931216,
   "ENCHANTED_FERMENTED_SPIDER_EYE": 106150.2,
   "ENCHANTED_GOLD_BLOCK": 234276.05000000002,
   "ENCHANTED_JUNGLE_LOG": 1295.4465,
   "ENCHANTED_FLINT": 2523.3,
   "IRON_INGOT": 6.8,
   "ENCHANTED_EMERALD_BLOCK": 167659.375,
   "ENCHANTED_CLAY_BALL": 477.63646677646784,
   "GLOWSTONE_DUST": 22.982082205003046,
   "GOLD_INGOT": 8.413236374320553,
   "REVENANT_VISCERA": 54506.705555555556,
   "TARANTULA_SILK": 94889.45000000001,
   "ENCHANTED_MUTTON": 3796.2,
   "SUPER_COMPACTOR_3000": 385382.2,
   "SUPER_EGG": 516726.5833333334,
   "ENCHANTED_IRON": 1169.9983516483517,
   "STOCK_OF_STONKS": 6014.865433253517,
   "ENCHANTED_HAY_BLOCK": 6645.114146505376,
   "ENCHANTED_PAPER": 757.9741666666666,
   "ENCHANTED_BONE": 3095.1000000000004,
   "ENCHANTED_DIAMOND_BLOCK": 213485.84985337243,
   "SUPERIOR_FRAGMENT": 235884.55,
   "EMERALD": 6.289488966318235,
   "ENCHANTED_RABBIT_FOOT": 6050.2,
   "HOT_POTATO_BOOK": 119327.75,
   "ENCHANTED_ICE": 705.6870990442897,
   "CLAY_BALL": 5.6,
   "OLD_FRAGMENT": 2889.4776859504127,
   "GREEN_GIFT": 6083.6,
   "PACKED_ICE": 36.81221529401576,
   "WATER_LILY": 289.3324786324786,
   "LOG_2": 6.300000000000001,
   "HAMSTER_WHEEL": 21040.960277777776,
   "ENCHANTED_OBSIDIAN": 4059.3,
   "ENCHANTED_COAL": 1344.892857142857,
   "COAL": 11.549850535580834,
   "ENCHANTED_QUARTZ": 1892.066397338403,
   "ENDER_PEARL": 8.15,
   "ENCHANTED_COAL_BLOCK": 213032.39166666666,
   "ENCHANTED_PRISMARINE_CRYSTALS": 361.756462585034,
   "ENCHANTED_WET_SPONGE": 393249.475,
   "ENCHANTED_RAW_FISH": 4408.200000000001,
   "ENDER_STONE": 24.183208704822164,
   "FOUL_FLESH": 25491.71458536585,
   "QUARTZ": 23.55,
   "RAW_BEEF": 8.53812145748988,
   "ENCHANTED_EYE_OF_ENDER": 4673.016888888888,
   "SUGAR_CANE": 5.742635405984898,
   "MAGMA_CREAM": 8.1,
   "RED_GIFT": 38593.57307692307,
   "ENCHANTED_RAW_BEEF": 641.6903846153846,
   "ENCHANTED_SLIME_BLOCK": 194433.25,
   "ENCHANTED_FEATHER": 477.35,
   "ENCHANTED_OAK_LOG": 1090.6,
   "RABBIT_HIDE": 14.984475906607052,
   "WHITE_GIFT": 3100.748606271777,
   "SULPHUR": 15.282322987390883,
   "NETHER_STALK": 11.4,
   "RABBIT": 26.381405269761604,
   "ENCHANTED_CARROT": 1016.3679624664879,
   "ENCHANTED_PUMPKIN": 637.7,
   "ROTTEN_FLESH": 10.5,
   "ENCHANTED_COOKED_FISH": 739999.875,
   "OBSIDIAN": 26.79969947835071,
   "ENCHANTED_MAGMA_CREAM": 1280.8,
   "ENCHANTED_FIREWORK_ROCKET": 191581.6166666667,
   "LEATHER": 24.704545454545453,
   "ENCHANTED_COOKED_MUTTON": 255277.4,
   "ENCHANTED_RABBIT": 634.6500000000001,
   "ENCHANTED_BREAD": 58.099999999999994,
   "ENCHANTED_CHARCOAL": 2047.748076923077,
   "ENCHANTED_BLAZE_POWDER": 3940.6128358208953,
   "SUMMONING_EYE": 571892.6,
   "SNOW_BLOCK": 8.234240334892883,
   "ENCHANTED_BAKED_POTATO": 116069.0875,
   "COMPACTOR": 4985.914285714286,
   "ENCHANTED_DIAMOND": 1294.0500000000002,
   "ENCHANTED_CARROT_STICK": 61494.9,
   "ENCHANTED_CARROT_ON_A_STICK": 37500,
   "time": "Friday 08 May - 17:13"
}