{"BROWN_MUSHROOM": 18.457484241730253, "INK_SACK:3": 5.3, "INK_SACK:4": 4.9, "TARANTULA_WEB": 38.649066894467076, "CARROT_ITEM": 4.264847679727603, "ENCHANTED_POTATO": 899.4021247211302, "ENCHANTED_SLIME_BALL": 1284.0980658651333, "ENCHANTED_GOLDEN_CARROT": 107392.2695652174, "ENCHANTED_RED_MUSHROOM": 4732.061660079052, "ENCHANTED_RABBIT_HIDE": 6950.7, "ENCHANTED_BIRCH_LOG": 1543.881734006734, "ENCHANTED_GUNPOWDER": 3850.0938588450967, "ENCHANTED_MELON": 221.3, "ENCHANTED_SUGAR": 478.8010147601476, "CACTUS": 4.813814756671899, "ENCHANTED_BLAZE_ROD": 58118.75987857323, "ENCHANTED_CAKE": 3124.6844230769234, "PUMPKIN": 3.1, "ENCHANTED_BROWN_MUSHROOM": 3721.5217655301262, "WHEAT": 4.668903954802259, "ENCHANTED_RAW_SALMON": 1552.3750967741935, "ENCHANTED_GLISTERING_MELON": 8324.1, "PRISMARINE_SHARD": 4.4001114596436475, "ENCHANTED_EMERALD": 1010.427208061648, "PROTECTOR_FRAGMENT": 3200.0716949152543, "ENCHANTED_SPIDER_EYE": 1426.6320478366029, "RED_MUSHROOM": 25.01192002278959, "ENCHANTED_MELON_BLOCK": 30158.722857142857, "MUTTON": 25.306069100391134, "DIAMOND": 7.3, "WISE_FRAGMENT": 6055.4953802416485, "COBBLESTONE": 4.1, "RAW_FISH": 29.27576354422785, "SPIDER_EYE": 7.500305815480247, "ENCHANTED_PUFFERFISH": 2160.2, "POTATO_ITEM": 5.5290293395372885, "ENCHANTED_HUGE_MUSHROOM_1": 1557.6163763066202, "ENCHANTED_COBBLESTONE": 672.6854038329911, "ENCHANTED_HUGE_MUSHROOM_2": 24847.725, "PORK": 16.4, "PRISMARINE_CRYSTALS": 4.7, "ICE": 4.1, "HUGE_MUSHROOM_1": 3.4, "HUGE_MUSHROOM_2": 29.237516054616872, "LOG_2:1": 4.7, "ENCHANTED_SNOW_BLOCK": 588.5, "STRING": 10.523813329923055, "GOLDEN_TOOTH": 105483.78739495797, "RABBIT_FOOT": 44.65673111421168, "REDSTONE": 3.114969055090656, "ENCHANTED_CACTUS_GREEN": 1947.7000000000003, "ENCHANTED_CARROT_ON_A_STICK": 48.728330019880715, "ENCHANTED_LAPIS_LAZULI_BLOCK": 82970.03314606742, "ENCHANTED_COOKIE": 127555.65555555557, "ENCHANTED_ENDSTONE": 1645.02849002849, "ENCHANTED_SAND": 3518.2622207176714, "ENCHANTED_STRING": 2108.5408359027065, "STRONG_FRAGMENT": 21794.266906005225, "SLIME_BALL": 8.3, "SNOW_BALL": 2.7000000000000006, "ENCHANTED_ACACIA_LOG": 1098.5143304620203, "ENCHANTED_EGG": 2837.8757329724854, "SAND": 18.84991103312022, "RAW_CHICKEN": 16.5, "ENCHANTED_GHAST_TEAR": 114.21039888312725, "ENCHANTED_LAPIS_LAZULI": 767.8930557151062, "ENCHANTED_COCOA": 924.5807389668149, "SEEDS": 0.19999999999999998, "ENCHANTED_LEATHER": 10839.127404718693, "ENCHANTED_SPONGE": 9350.89067164179, "HAY_BLOCK": 49.428954017180395, "FLINT": 17.434145223460774, "INK_SACK": 287.4916609004796, "WOLF_TOOTH": 179.04003224691928, "ENCHANTED_SPRUCE_LOG": 2052.507860021986, "ENCHANTED_ROTTEN_FLESH": 3238.986168224299, "ENCHANTED_GRILLED_PORK": 61684.43647798742, "ENCHANTED_NETHER_STALK": 2421.2858498349838, "ENCHANTED_REDSTONE_BLOCK": 100557.52212389381, "ENCHANTED_QUARTZ_BLOCK": 341464.52682926826, "GREEN_CANDY": 946.2, "ENCHANTED_REDSTONE": 637.9134004116167, "ENCHANTED_REDSTONE_LAMP": 111638.1597122302, "GRAVEL": 4.835520031620206, "MELON": 3.1040171582440976, "ENCHANTED_PACKED_ICE": 136561.46125541127, "ENCHANTED_LAVA_BUCKET": 12920.824819908317, "RAW_FISH:3": 14.7, "ENCHANTED_PRISMARINE_SHARD": 356.94380813423305, "ENCHANTED_IRON_BLOCK": 202878.70923913043, "BONE": 12.943727935567422, "RAW_FISH:2": 17.599902616781325, "RAW_FISH:1": 9.0, "REVENANT_FLESH": 9.5, "ENCHANTED_GLOWSTONE": 8991.05130748422, "ENCHANTED_PORK": 2132.7470254957507, "FEATHER": 2.2, "NETHERRACK": 1.0, "SPONGE": 214.13127651467036, "BLAZE_ROD": 33.1611615299368, "ENCHANTED_DARK_OAK_LOG": 1000.0, "YOUNG_FRAGMENT": 14663.02855029586, "ENCHANTED_CLOWNFISH": 2872.414713656388, "ENCHANTED_GOLD": 2502.431962155492, "ENCHANTED_RAW_CHICKEN": 813.4456143513927, "ENCHANTED_WATER_LILY": 29848.212602150536, "LOG:1": 11.6, "CATALYST": 29306.314229249012, "LOG:3": 8.724166666666665, "LOG:2": 8.399999999999999, "ENCHANTED_GLOWSTONE_DUST": 821.1617728531857, "ENCHANTED_INK_SACK": 25086.159450171825, "ENCHANTED_CACTUS": 201524.16470588234, "ENCHANTED_SUGAR_CANE": 75889.95683760683, "ENCHANTED_COOKED_SALMON": 259819.0, "ENCHANTED_SEEDS": 101.35550344827585, "LOG": 7.8550774277582125, "GHAST_TEAR": 23.8, "UNSTABLE_FRAGMENT": 8970.797933884298, "ENCHANTED_ENDER_PEARL": 195.0, "PURPLE_CANDY": 8446.4362658471, "ENCHANTED_FERMENTED_SPIDER_EYE": 98000.00710659898, "ENCHANTED_GOLD_BLOCK": 260777.51, "ENCHANTED_JUNGLE_LOG": 1751.8635346097199, "ENCHANTED_FLINT": 3077.156102461074, "IRON_INGOT": 8.101441867669216, "ENCHANTED_EMERALD_BLOCK": 166442.66952380954, "ENCHANTED_CLAY_BALL": 474.634815378959, "GLOWSTONE_DUST": 16.0, "GOLD_INGOT": 14.355877895481855, "REVENANT_VISCERA": 1077.480554065651, "TARANTULA_SILK": 104679.84788732394, "ENCHANTED_MUTTON": 4155.914589442816, "SUPER_COMPACTOR_3000": 158631.69032513877, "ENCHANTED_IRON": 1657.3803942895988, "SUPER_EGG": 409090.89340659336, "STOCK_OF_STONKS": 5608.672895986189, "ENCHANTED_HAY_BLOCK": 9044.9, "ENCHANTED_BONE": 2247.8840267077558, "ENCHANTED_PAPER": 318.65931709265175, "ENCHANTED_DIAMOND_BLOCK": 208089.93854505973, "SUPERIOR_FRAGMENT": 15340.283267770565, "EMERALD": 4.956417786814263, "ENCHANTED_RABBIT_FOOT": 7120.604965517242, "HOT_POTATO_BOOK": 44379.93666328601, "ENCHANTED_ICE": 752.893838916284, "CLAY_BALL": 7.1005617820509235, "OLD_FRAGMENT": 3400.0, "GREEN_GIFT": 7024.981955555555, "PACKED_ICE": 40.515626513779125, "WATER_LILY": 351.9099402319112, "LOG_2": 6.0, "HAMSTER_WHEEL": 19997.412424503884, "ENCHANTED_OBSIDIAN": 6518.630405075647, "ENCHANTED_COAL": 1206.3055555555557, "COAL": 12.718059745561446, "ENCHANTED_QUARTZ": 2322.8, "ENCHANTED_COAL_BLOCK": 110914.25, "ENDER_PEARL": 7.808996891060212, "ENCHANTED_PRISMARINE_CRYSTALS": 374.41252728799327, "ENCHANTED_WET_SPONGE": 8371.002662993573, "ENCHANTED_RAW_FISH": 1118.1016110543112, "ENDER_STONE": 10.1, "QUARTZ": 24.217425340094987, "FOUL_FLESH": 24608.590993071593, "RAW_BEEF": 15.919282968937054, "ENCHANTED_EYE_OF_ENDER": 4263.139774774775, "SUGAR_CANE": 4.303514659782408, "MAGMA_CREAM": 7.3, "RED_GIFT": 45535.02755775578, "ENCHANTED_RAW_BEEF": 1041.9367598891408, "ENCHANTED_SLIME_BLOCK": 160994.5627118644, "ENCHANTED_FEATHER": 464.32503772718326, "ENCHANTED_OAK_LOG": 1468.4234716157205, "RABBIT_HIDE": 10.600000000000001, "WHITE_GIFT": 2578.053895184136, "NETHER_STALK": 12.3, "SULPHUR": 22.166400229467445, "RABBIT": 16.9, "ENCHANTED_CARROT": 916.1098582871227, "ENCHANTED_PUMPKIN": 634.2253620747726, "ROTTEN_FLESH": 17.701011179601675, "ENCHANTED_COOKED_FISH": 802175.6368421052, "OBSIDIAN": 40.42883987365491, "ENCHANTED_MAGMA_CREAM": 1264.1153384211184, "ENCHANTED_FIREWORK_ROCKET": 253399.00967741935, "LEATHER": 18.4, "ENCHANTED_COOKED_MUTTON": 434400.07999999996, "ENCHANTED_RABBIT": 520.6, "ENCHANTED_BREAD": 34.056311699222846, "ENCHANTED_CHARCOAL": 2304.787148217636, "ENCHANTED_BLAZE_POWDER": 4099.058294062205, "SUMMONING_EYE": 73807.37936249348, "SNOW_BLOCK": 8.9, "ENCHANTED_BAKED_POTATO": 146213.87127659575, "COMPACTOR": 5205.203277494538, "ENCHANTED_DIAMOND": 1305.0}